Workbook

Sheet Petunjuk
A1: Matriks Pembobot Spasial Udara 34x34 — berbasis waktu tempuh dan jumlah transit
A3: CARA PAKAI (3 langkah)
A4: 1. Buka sheet Input_Konektivitas. Seluruh 561 pasangan provinsi sudah tercetak; kamu tinggal mengisi dua kolom kuning:
A5: Jumlah_Transit : 0 bila ADA penerbangan langsung, 1 bila sekali transit, 2 bila dua kali transit, dst.
A6: Waktu_Tempuh_jam : total waktu perjalanan dalam jam desimal (2 jam 15 menit = 2,25). Untuk rute langsung isi waktu terbangnya; untuk rute transit isi waktu total termasuk menunggu.
A7: Pasangan yang dibiarkan kosong dianggap tidak terhubung (bobot 0).
A8: 2. Atur dua eksponen di sheet Matrix_Bobot (sel B1 dan B2) bila perlu. Default: alpha = 1, beta = 0.
A9: 3. Matriks final ada di sheet W_Final (baku baris). Ini yang dipakai di analisis; tidak ada langkah lain.
A11: RUMUS BOBOT
A12: w_ij = 1 / ( T_ij ^ alpha x (1 + transit_ij) ^ beta ) lalu W*_ij = w_ij / jumlah baris ke-i
A13: alpha = 1, beta = 0 -> bobot murni 1/waktu tempuh (transit sudah ikut terhitung lewat waktu tunggu). DEFAULT.
A14: beta = 1 -> transit dihukum tambahan: langsung x1, 1x transit x1/2, 2x transit x1/3.
... A24: Ringkasan : pengecekan kelengkapan data.

Sheet Daftar_Provinsi
A1: No | B1: Provinsi | C1: Bandara acuan
A2: 1 | B2: Aceh | C2: BTJ
A3: 2 | B3: Sumatera Utara | C3: KNO
A4: 3 | B4: Sumatera Barat | C4: PDG
A5: 4 | B5: Riau | C5: PKU
A6: 5 | B6: Jambi | C6: DJB
A7: 6 | B7: Sumatera Selatan | C7: PLM
A8: 7 | B8: Bengkulu | C8: BKS
A9: 8 | B9: Lampung | C9: TKG
A10: 9 | B10: Kep. Bangka Belitung | C10: PGK
A11: 10 | B11: Kepulauan Riau | C11: BTH
A12: 11 | B12: DKI Jakarta | C12: CGK/HLP
A13: 12 | B13: Jawa Barat | C13: KJT/BDO
... A35: 34 | B35: Papua | C35: DJJ

Sheet Input_Konektivitas
A1: Jumlah_Transit dan Waktu_Tempuh_jam. Pasangan kosong = tidak terhubung.
A2: Provinsi_A | B2: Provinsi_B | C2: Jumlah_Transit | D2: Waktu_Tempuh_jam | E2: Sumber | F2: Catatan
A3: Aceh | B3: Sumatera Utara | C3: 0 | D3: 1.583 | E3: Traveloka
A4: Aceh | B4: Sumatera Barat | C4: 1 | D4: 6.5 | E4: Traveloka
A5: Aceh | B5: Riau | C5: 1 | D5: 3.5 | E5: Traveloka
A6: Aceh | B6: Jambi | C6: 1 | D6: 6.5 | E6: Traveloka
A7: Aceh | B7: Sumatera Selatan | C7: 1 | D7: 4.8333 | E7: Traveloka
A8: Aceh | B8: Bengkulu | C8: 1 | D8: 6.92 | E8: Traveloka
A9: Aceh | B9: Lampung | C9: 1 | D9: 5.58 | E9: Traveloka
A10: Aceh | B10: Kep. Bangka Belitung | C10: 1 | D10: 9.4167 | E10: Traveloka
A11: Aceh | B11: Kepulauan Riau | C11: 3 | D11: 24 | E11: Traveloka
A12: Aceh | B12: DKI Jakarta | C12: 0 | D12: 2.91777 | E12: Traveloka
A13: Aceh | B13: Jawa Barat | C13: 2 | D13: 20.75 | E13: Traveloka
A14: Aceh | B14: Jawa Tengah | C14: 1 | D14: 5.08333 | E14: Traveloka
... A16: Aceh | B16: Jawa Timur | C16: 1 | D16: 5.9167 | E16: Traveloka
A17: Aceh | B17: Banten
A18: Aceh | B18: Bali | C18: 1 | D18: 6.08333 | E18: Traveloka
A19: Aceh | B19: Nusa Tenggara Barat | C19: 1 | D19: 7.75 | E19: Traveloka
A20: Aceh | B20: Nusa Tenggara Timur | C20: 1 | D20: 12.25 | E20: Traveloka
A21: Aceh | B21: Kalimantan Barat | C21: 1 | D21: 5.5 | E21: Traveloka
A22: Aceh | B22: Kalimantan Tengah | C22: 1 | D22: 5.6667 | E22: Traveloka
A23: Aceh | B23: Kalimantan Selatan | C23: 1 | D23: 7.25 | E23: Traveloka
A24: Aceh | B24: Kalimantan Timur | C24: 1 | D24: 8.916677 | E24: Traveloka
A25: Aceh | B25: Kalimantan Utara | C25: 3 | D25: 21.75 | E25: Traveloka
A26: Aceh | B26: Sulawesi Utara | C26: 2 | D26: 19.8333 | E26: Traveloka
A27: Aceh | B27: Sulawesi Tengah | C27: 1 | D27: 13.5 | E27: Traveloka
A28: Aceh | B28: Sulawesi Selatan | C28: 1 | D28: 6.92 | E28: Traveloka
A29: Aceh | B29: Sulawesi Tenggara | C29: 1 | D29: 8.67 | E29: Traveloka
... A48: Sumatera Utara | B48: Jawa Timur | C48: 0 | D48: 3.17 | E48: Traveloka
A49: Sumatera Utara | B49: Banten
A50: Sumatera Utara | B50: Bali | C50: 1 | D50: 5.17 | E50: Traveloka
A51: Sumatera Utara | B51: Nusa Tenggara Barat | C51: 1 | D51: 5.5 | E51: Traveloka
A52: Sumatera Utara | B52: Nusa Tenggara Timur | C52: 1 | D52: 10.17 | E52: Traveloka
A53: Sumatera Utara | B53: Kalimantan Barat | C53: 1 | D53: 4.33 | E53: Traveloka
A54: Sumatera Utara | B54: Kalimantan Tengah | C54: 1 | D54: 5.25 | E54: Traveloka
A55: Sumatera Utara | B55: Kalimantan Selatan | C55: 1 | D55: 6.33 | E55: Traveloka
A56: Sumatera Utara | B56: Kalimantan Timur | C56: 1 | D56: 6.67 | E56: Traveloka
A57: Sumatera Utara | B57: Kalimantan Utara | C57: 1 | D57: 7.42 | E57: Traveloka
A58: Sumatera Utara | B58: Sulawesi Utara | C58: 1 | D58: 8.33 | E58: Traveloka
A59: Sumatera Utara | B59: Sulawesi Tengah | C59: 1 | D59: 9.33 | E59: Traveloka
A60: Sumatera Utara | B60: Sulawesi Selatan | C60: 1 | D60: 5.92 | E60: Traveloka
A61: Sumatera Utara | B61: Sulawesi Tenggara | C61: 1 | D61: 7.33 | E61: Traveloka
... A79: Sumatera Barat | B79: Jawa Timur | C79: 1 | D79: 4.58 | E79: Traveloka
A80: Sumatera Barat | B80: Banten
A81: Sumatera Barat | B81: Bali | C81: 1 | D81: 4.92 | E81: Traveloka
A82: Sumatera Barat | B82: Nusa Tenggara Barat | C82: 1 | D82: 5.33 | E82: Traveloka
A83: Sumatera Barat | B83: Nusa Tenggara Timur | C83: 1 | D83: 8.92 | E83: Traveloka
A84: Sumatera Barat | B84: Kalimantan Barat | C84: 1 | D84: 4.25 | E84: Traveloka
A85: Sumatera Barat | B85: Kalimantan Tengah | C85: 1 | D85: 4.42 | E85: Traveloka
A86: Sumatera Barat | B86: Kalimantan Selatan | C86: 1 | D86: 4.75 | E86: Traveloka
A87: Sumatera Barat | B87: Kalimantan Timur | C87: 1 | D87: 5.38 | E87: Traveloka
A88: Sumatera Barat | B88: Kalimantan Utara | C88: 1 | D88: 5.25 | E88: Traveloka
A89: Sumatera Barat | B89: Sulawesi Utara | C89: 1 | D89: 7.5 | E89: Traveloka
A90: Sumatera Barat | B90: Sulawesi Tengah | C90: 1 | D90: 9.67 | E90: Traveloka
A91: Sumatera Barat | B91: Sulawesi Selatan | C91: 1 | D91: 5.42 | E91: Traveloka
A92: Sumatera Barat | B92: Sulawesi Tenggara | C92: 1 | D92: 6.75 | E92: Traveloka
... A109: Riau | B109: Jawa Timur | C109: 1 | D109: 6.25 | E109: Traveloka
A110: Riau | B110: Banten
A111: Riau | B111: Bali | C111: 1 | D111: 4.67 | E111: Traveloka
A112: Riau | B112: Nusa Tenggara Barat | C112: 1 | D112: 4.83 | E112: Traveloka
A113: Riau | B113: Nusa Tenggara Timur | C113: 1 | D113: 7.08 | E113: Traveloka
A114: Riau | B114: Kalimantan Barat | C114: 1 | D114: 4.83 | E114: Traveloka
A115: Riau | B115: Kalimantan Tengah | C115: 1 | D115: 5.58 | E115: Traveloka
A116: Riau | B116: Kalimantan Selatan | C116: 1 | D116: 5.33 | E116: Traveloka | F116: Citilink
A117: Riau | B117: Kalimantan Timur | C117: 1 | D117: 5.33 | E117: Traveloka | F117: Super Air Jet
A118: Riau | B118: Kalimantan Utara | C118: 1 | D118: 6.75 | E118: Traveloka
A119: Riau | B119: Sulawesi Utara | C119: 1 | D119: 7.25 | E119: Traveloka
A120: Riau | B120: Sulawesi Tengah | C120: 2 | D120: 7.83 | E120: Traveloka
A121: Riau | B121: Sulawesi Selatan | C121: 1 | D121: 5.167 | E121: Traveloka
A122: Riau | B122: Sulawesi Tenggara | C122: 1 | D122: 7.67 | E122: Traveloka
A123: Riau | B123: Gorontalo | C123: 1 | D123: 11.83 | E123: Traveloka
A124: Riau | B124: Sulawesi Barat | C124: 1 | D124: 8.667 | E124: Traveloka
A125: Riau | B125: Maluku | C125: 2 | D125: 12.75 | E125: Traveloka
A126: Riau | B126: Maluku Utara | C126: 2 | D126: 11 | E126: Traveloka
A127: Riau | B127: Papua Barat | C127: 1 | D127: 10.58 | E127: Traveloka
A128: Riau | B128: Papua | C128: 1 | D128: 10.83 | E128: Traveloka
A129: Jambi | B129: Sumatera Selatan | C129: 1 | D129: 3.83 | E129: Traveloka
... A134: Jambi | B134: DKI Jakarta | C134: 1 | D134: 1.33 | E134: Traveloka
A135: Jambi | B135: Jawa Barat
A136: Jambi | B136: Jawa Tengah | C136: 1 | D136: 3.167 | E136: Traveloka
A137: Jambi | B137: DI Yogyakarta | C137: 1 | D137: 4.83 | E137: Traveloka
A138: Jambi | B138: Jawa Timur | C138: 1 | D138: 3.75 | E138: Traveloka
A139: Jambi | B139: Banten
A140: Jambi | B140: Bali | C140: 1 | D140: 3.45 | E140: Traveloka
A141: Jambi | B141: Nusa Tenggara Barat | C141: 1 | D141: 4.5 | E141: Traveloka
A142: Jambi | B142: Nusa Tenggara Timur | C142: 1 | D142: 7.17 | E142: Traveloka
A143: Jambi | B143: Kalimantan Barat | C143: 1 | D143: 3.92 | E143: Traveloka
A144: Jambi | B144: Kalimantan Tengah | C144: 1 | D144: 5.08 | E144: Traveloka
A145: Jambi | B145: Kalimantan Selatan | C145: 1 | D145: 4.17 | E145: Traveloka
A146: Jambi | B146: Kalimantan Timur | C146: 1 | D146: 4.58 | E146: Traveloka
A147: Jambi | B147: Kalimantan Utara | C147: 1 | D147: 5.42 | E147: Traveloka
A148: Jambi | B148: Sulawesi Utara | C148: 1 | D148: 6.75 | E148: Traveloka
A149: Jambi | B149: Sulawesi Tengah | C149: 2 | D149: 7.5 | E149: Traveloka
A150: Jambi | B150: Sulawesi Selatan | C150: 1 | D150: 4.58 | E150: Traveloka
A151: Jambi | B151: Sulawesi Tenggara | C151: 1 | D151: 6.75 | E151: Traveloka
... A166: Sumatera Selatan | B166: Jawa Timur | C166: 0 | D166: 2 | E166: Traveloka
A167: Sumatera Selatan | B167: Banten
A168: Sumatera Selatan | B168: Bali | C168: 1 | D168: 4 | E168: Traveloka
A169: Sumatera Selatan | B169: Nusa Tenggara Barat | C169: 1 | D169: 5.17 | E169: Traveloka
A170: Sumatera Selatan | B170: Nusa Tenggara Timur | C170: 1 | D170: 8.58 | E170: Traveloka
...

Sheet Matrix_Waktu
A1: Waktu Tempuh Udara T_ij (jam)
A2: Otomatis dari Input_Konektivitas (simetris). Sel kosong = pasangan belum terisi / tidak terhubung.
A3: Asal \ Tujuan | B3: Aceh | C3: Sumatera Utara | D3: Sumatera Barat | E3: Riau | F3: Jambi | G3: Sumatera Selatan | H3: Bengkulu | I3: Lampung | J3: Kep. Bangka Belitung | K3: Kepulauan Riau | L3: DKI Jakarta | M3: Jawa Barat | N3: Jawa Tengah | O3: DI Yogyakarta | P3: Jawa Timur | Q3: Banten | R3: Bali | S3: Nusa Tenggara Barat | T3: Nusa Tenggara Timur | U3: Kalimantan Barat | V3: Kalimantan Tengah | W3: Kalimantan Selatan | X3: Kalimantan Timur | Y3: Kalimantan Utara | Z3: Sulawesi Utara | AA3: Sulawesi Tengah | AB3: Sulawesi Selatan | AC3: Sulawesi Tenggara | AD3: Gorontalo | AE3: Sulawesi Barat | AF3: Maluku | AG3: Maluku Utara | AH3: Papua Barat | AI3: Papua
A4: Aceh | B4: 0 | C4: =IF((COUNTIFS(Input_Konektivitas!$A$3:$A$563,$A4,Input_Konektivitas!$B$3:$B$563,C$3,Input_Konektivitas!$D$3:$D$563,">0")+COUNTIFS(Input_Konektivitas!$A$3:$A$563,C$3,Input_Konektivitas!$B$3:$B$563,$A4,Input_Konektivitas!$D$3:$D$563,">0"))=0,"",SUMIFS(Input_Konektivitas!$D$3:$D$563,Input_Konektivitas!$A$3:$A$563,$A4,Input_Konektivitas!$B$3:$B$563,C$3)+SUMIFS(Input_Konektivitas!$D$3:$D$563,Input_Konektivitas!$A$3:$A$563,C$3,Input_Konektivitas!$B$3:$B$563,$A4)) -> 1.583 | D4: =IF((COUNTIFS(Input_Konektivitas!$A$3:$A$563,$A4,Input_Konektivitas!$B$3:$B$563,D$3,Input_Konektivitas!$D$3:$D$563,">0")+COUNTIFS(Input_Konektivitas!$A$3:$A$563,D$3,Input_Konektivitas!$B$3:$B$563,$A4,Input_Konektivitas!$D$3:$D$563,">0"))=0,"",SUMIFS(Input_Konektivitas!$D$3:$D$563,Input_Konektivitas!$A$3:$A$563,$A4,Input_Konektivitas!$B$3:$B$563,D$3)+SUMIFS(Input_Konektivitas!$D$3:$D$563,Input_Konektivitas!$A$3:$A$563,D$3,Input_Konektivitas!$B$3:$B$563,$A4)) -> 6.5 | E4: =IF((COUNTIFS(Input_Konektivitas!$A$3:$A$563,$A4,Input_Konektivitas!$B$3:$B$563,E$3,Input_Konektivitas!$D$3:$D$563,">0")+COUNTIFS(Input_Konektivitas!$A$3:$A$563,E$3,Input_Konektivitas!$B$3:$B$563,$A4,Input_Konektivitas!$D$3:$D$563,">0"))=0,"",SUMIFS(Input_Konektivitas!$D$3:$D$563,Input_Konektivitas!$A$3:$A$563,$A4,Input_Konektivitas!$B$3:$B$563,E$3)+SUMIFS(Input_Konektivitas!$D$3:$D$563,Input_Konektivitas!$A$3:$A$563,E$3,Input_Konektivitas!$B$3:$B$563,$A4)) -> 3.5 | F4: =IF((COUNTIFS(Input_Konektivitas!$A$3:$A$563,$A4,Input_Konektivitas!$B$3:$B$563,F$3,Input_Konektivitas!$D$3:$D$563,">0")+COUNTIFS(Input_Konektivitas!$A$3:$A$563,F$3,Input_Konektivitas!$B$3:$B$563,$A4,Input_Konektivitas!$D$3:$D$563,">0"))=0,"",SUMIFS(Input_Konektivitas!$D$3:$D$563,Input_Konektivitas!$A$3:$A$563,$A4,Input_Konektivitas!$B$3:$B$563,F$3)+SUMIFS(Input_Konektivitas!$D$3:$D$563,Input_Konektivitas!$A$3:$A$563,F$3,Input_Konektivitas!$B$3:$B$563,$A4)) -> 6.5 | G4: =IF((COUNTIFS(Input_Konektivitas!$A$3:$A$563,$A4,Input_Konektivitas!$B$3:$B$563,G$3,Input_Konektivitas!$D$3:$D$563,">0")+COUNTIFS(Input_Konektivitas!$A$3:$A$563,G$3,Input_Konektivitas!$B$3:$B$563,$A4,Input_Konektivitas!$D$3:$D$563,">0"))=0,"",SUMIFS(Input_Konektivitas!$D$3:$D$563,Input_Konektivitas!$A$3:$A$563,$A4,Input_Konektivitas!$B$3:$B$563,G$3)+SUMIFS(Input_Konektivitas!$D$3:$D$563,Input_Konektivitas!$A$3:$A$563,G$3,Input_Konektivitas!$B$3:$B$563,$A4)) -> 4.8333 | H4: =IF((COUNTIFS(Input_Konektivitas!$A$3:$A$563,$A4,Input_Konektivitas!$B$3:$B$563,H$3,Input_Konektivitas!$D$3:$D$563,">0")+COUNTIFS(Input_Konektivitas!$A$3:$A$563,H$3,Input_Konektivitas!$B$3:$B$563,$A4,Input_Konektivitas!$D$3:$D$563,">0"))=0,"",SUMIFS(Input_Konektivitas!$D$3:$D$563,Input_Konektivitas!$A$3:$A$563,$A4,Input_Konektivitas!$B$3:$B$563,H$3)+SUMIFS(Input_Konektivitas!$D$3:$D$563,Input_Konektivitas!$A$3:$A$563,H$3,Input_Konektivitas!$B$3:$B$563,$A4)) -> 6.92 | I4: =IF((COUNTIFS(Input_Konektivitas!$A$3:$A$563,$A4,Input_Konektivitas!$B$3:$B$563,I$3,Input_Konektivitas!$D$3:$D$563,">0")+COUNTIFS(Input_Konektivitas!$A$3:$A$563,I$3,Input_Konektivitas!$B$3:$B$563,$A4,Input_Konektivitas!$D$3:$D$563,">0"))=0,"",SUMIFS(Input_Konektivitas!$D$3:$D$563,Input_Konektivitas!$A$3:$A$563,$A4,Input_Konektivitas!$B$3:$B$563,I$3)+SUMIFS(Input_Konektivitas!$D$3:$D$563,Input_Konektivitas!$A$3:$A$563,I$3,Input_Konektivitas!$B$3:$B$563,$A4)) -> 5.58 | J4: =IF((COUNTIFS(Input_Konektivitas!$A$3:$A$563,$A4,Input_Konektivitas!$B$3:$B$563,J$3,Input_Konektivitas!$D$3:$D$563,">0")+COUNTIFS(Input_Konektivitas!$A$3:$A$563,J$3,Input_Konektivitas!$B$3:$B$563,$A4,Input_Konektivitas!$D$3:$D$563,">0"))=0,"",SUMIFS(Input_Konektivitas!$D$3:$D$563,Input_Konektivitas!$A$3:$A$563,$A4,Input_Konektivitas!$B$3:$B$563,J$3)+SUMIFS(Input_Konektivitas!$D$3:$D$563,Input_Konektivitas!$A$3:$A$563,J$3,Input_Konektivitas!$B$3:$B$563,$A4)) -> 9.4167 | ... AI4: =IF((COUNTIFS(Input_Konektivitas!$A$3:$A$563,$A4,Input_Konektivitas!$B$3:$B$563,AI$3,Input_Konektivitas!$D$3:$D$563,">0")+COUNTIFS(Input_Konektivitas!$A$3:$A$563,AI$3,Input_Konektivitas!$B$3:$B$563,$A4,Input_Konektivitas!$D$3:$D$563,">0"))=0,"",SUMIFS(Input_Konektivitas!$D$3:$D$563,Input_Konektivitas!$A$3:$A$563,$A4,Input_Konektivitas!$B$3:$B$563,AI$3)+SUMIFS(Input_Konektivitas!$D$3:$D$563,Input_Konektivitas!$A$3:$A$563,AI$3,Input_Konektivitas!$B$3:$B$563,$A4)) -> 12.92
A5: Sumatera Utara | B5: =IF((COUNTIFS(Input_Konektivitas!$A$3:$A$563,$A5,Input_Konektivitas!$B$3:$B$563,B$3,Input_Konektivitas!$D$3:$D$563,">0")+COUNTIFS(Input_Konektivitas!$A$3:$A$563,B$3,Input_Konektivitas!$B$3:$B$563,$A5,Input_Konektivitas!$D$3:$D$563,">0"))=0,"",SUMIFS(Input_Konektivitas!$D$3:$D$563,Input_Konektivitas!$A$3:$A$563,$A5,Input_Konektivitas!$B$3:$B$563,B$3)+SUMIFS(Input_Konektivitas!$D$3:$D$563,Input_Konektivitas!$A$3:$A$563,B$3,Input_Konektivitas!$B$3:$B$563,$A5)) -> 1.583 | C5: 0 | D5: =IF((COUNTIFS(Input_Konektivitas!$A$3:$A$563,$A5,Input_Konektivitas!$B$3:$B$563,D$3,Input_Konektivitas!$D$3:$D$563,">0")+COUNTIFS(Input_Konektivitas!$A$3:$A$563,D$3,Input_Konektivitas!$B$3:$B$563,$A5,Input_Konektivitas!$D$3:$D$563,">0"))=0,"",SUMIFS(Input_Konektivitas!$D$3:$D$563,Input_Konektivitas!$A$3:$A$563,$A5,Input_Konektivitas!$B$3:$B$563,D$3)+SUMIFS(Input_Konektivitas!$D$3:$D$563,Input_Konektivitas!$A$3:$A$563,D$3,Input_Konektivitas!$B$3:$B$563,$A5)) -> 1.33 | E5: =IF((COUNTIFS(Input_Konektivitas!$A$3:$A$563,$A5,Input_Konektivitas!$B$3:$B$563,E$3,Input_Konektivitas!$D$3:$D$563,">0")+COUNTIFS(Input_Konektivitas!$A$3:$A$563,E$3,Input_Konektivitas!$B$3:$B$563,$A5,Input_Konektivitas!$D$3:$D$563,">0"))=0,"",SUMIFS(Input_Konektivitas!$D$3:$D$563,Input_Konektivitas!$A$3:$A$563,$A5,Input_Konektivitas!$B$3:$B$563,E$3)+SUMIFS(Input_Konektivitas!$D$3:$D$563,Input_Konektivitas!$A$3:$A$563,E$3,Input_Konektivitas!$B$3:$B$563,$A5)) -> 1.1667 | F5: =IF((COUNTIFS(Input_Konektivitas!$A$3:$A$563,$A5,Input_Konektivitas!$B$3:$B$563,F$3,Input_Konektivitas!$D$3:$D$563,">0")+COUNTIFS(Input_Konektivitas!$A$3:$A$563,F$3,Input_Konektivitas!$B$3:$B$563,$A5,Input_Konektivitas!$D$3:$D$563,">0"))=0,"",SUMIFS(Input_Konektivitas!$D$3:$D$563,Input_Konektivitas!$A$3:$A$563,$A5,Input_Konektivitas!$B$3:$B$563,F$3)+SUMIFS(Input_Konektivitas!$D$3:$D$563,Input_Konektivitas!$A$3:$A$563,F$3,Input_Konektivitas!$B$3:$B$563,$A5)) -> 4.42 | G5: =IF((COUNTIFS(Input_Konektivitas!$A$3:$A$563,$A5,Input_Konektivitas!$B$3:$B$563,G$3,Input_Konektivitas!$D$3:$D$563,">0")+COUNTIFS(Input_Konektivitas!$A$3:$A$563,G$3,Input_Konektivitas!$B$3:$B$563,$A5,Input_Konektivitas!$D$3:$D$563,">0"))=0,"",SUMIFS(Input_Konektivitas!$D$3:$D$563,Input_Konektivitas!$A$3:$A$563,$A5,Input_Konektivitas!$B$3:$B$563,G$3)+SUMIFS(Input_Konektivitas!$D$3:$D$563,Input_Konektivitas!$A$3:$A$563,G$3,Input_Konektivitas!$B$3:$B$563,$A5)) -> 1.833 | H5: =IF((COUNTIFS(Input_Konektivitas!$A$3:$A$563,$A5,Input_Konektivitas!$B$3:$B$563,H$3,Input_Konektivitas!$D$3:$D$563,">0")+COUNTIFS(Input_Konektivitas!$A$3:$A$563,H$3,Input_Konektivitas!$B$3:$B$563,$A5,Input_Konektivitas!$D$3:$D$563,">0"))=0,"",SUMIFS(Input_Konektivitas!$D$3:$D$563,Input_Konektivitas!$A$3:$A$563,$A5,Input_Konektivitas!$B$3:$B$563,H$3)+SUMIFS(Input_Konektivitas!$D$3:$D$563,Input_Konektivitas!$A$3:$A$563,H$3,Input_Konektivitas!$B$3:$B$563,$A5)) -> 5.1667 | I5: =IF((COUNTIFS(Input_Konektivitas!$A$3:$A$563,$A5,Input_Konektivitas!$B$3:$B$563,I$3,Input_Konektivitas!$D$3:$D$563,">0")+COUNTIFS(Input_Konektivitas!$A$3:$A$563,I$3,Input_Konektivitas!$B$3:$B$563,$A5,Input_Konektivitas!$D$3:$D$563,">0"))=0,"",SUMIFS(Input_Konektivitas!$D$3:$D$563,Input_Konektivitas!$A$3:$A$563,$A5,Input_Konektivitas!$B$3:$B$563,I$3)+SUMIFS(Input_Konektivitas!$D$3:$D$563,Input_Konektivitas!$A$3:$A$563,I$3,Input_Konektivitas!$B$3:$B$563,$A5)) -> 4.167 | J5: =IF((COUNTIFS(Input_Konektivitas!$A$3:$A$563,$A5,Input_Konektivitas!$B$3:$B$563,J$3,Input_Konektivitas!$D$3:$D$563,">0")+COUNTIFS(Input_Konektivitas!$A$3:$A$563,J$3,Input_Konektivitas!$B$3:$B$563,$A5,Input_Konektivitas!$D$3:$D$563,">0"))=0,"",SUMIFS(Input_Konektivitas!$D$3:$D$563,Input_Konektivitas!$A$3:$A$563,$A5,Input_Konektivitas!$B$3:$B$563,J$3)+SUMIFS(Input_Konektivitas!$D$3:$D$563,Input_Konektivitas!$A$3:$A$563,J$3,Input_Konektivitas!$B$3:$B$563,$A5)) -> 5.5 | K5: =IF((COUNTIFS(Input_Konektivitas!$A$3:$A$563,$A5,Input_Konektivitas!$B$3:$B$563,K$3,Input_Konektivitas!$D$3:$D$563,">0")+COUNTIFS(Input_Konektivitas!$A$3:$A$563,K$3,Input_Konektivitas!$B$3:$B$563,$A5,Input_Konektivitas!$D$3:$D$563,">0"))=0,"",SUMIFS(Input_Konektivitas!$D$3:$D$563,Input_Konektivitas!$A$3:$A$563,$A5,Input_Konektivitas!$B$3:$B$563,K$3)+SUMIFS(Input_Konektivitas!$D$3:$D$563,Input_Konektivitas!$A$3:$A$563,K$3,Input_Konektivitas!$B$3:$B$563,$A5)) -> 5.92 | ... AI5: =IF((COUNTIFS(Input_Konektivitas!$A$3:$A$563,$A5,Input_Konektivitas!$B$3:$B$563,AI$3,Input_Konektivitas!$D$3:$D$563,">0")+COUNTIFS(Input_Konektivitas!$A$3:$A$563,AI$3,Input_Konektivitas!$B$3:$B$563,$A5,Input_Konektivitas!$D$3:$D$563,">0"))=0,"",SUMIFS(Input_Konektivitas!$D$3:$D$563,Input_Konektivitas!$A$3:$A$563,$A5,Input_Konektivitas!$B$3:$B$563,AI$3)+SUMIFS(Input_Konektivitas!$D$3:$D$563,Input_Konektivitas!$A$3:$A$563,AI$3,Input_Konektivitas!$B$3:$B$563,$A5)) -> 8.75
A6: Sumatera Barat | B6: =IF((COUNTIFS(Input_Konektivitas!$A$3:$A$563,$A6,Input_Konektivitas!$B$3:$B$563,B$3,Input_Konektivitas!$D$3:$D$563,">0")+COUNTIFS(Input_Konektivitas!$A$3:$A$563,B$3,Input_Konektivitas!$B$3:$B$563,$A6,Input_Konektivitas!$D$3:$D$563,">0"))=0,"",SUMIFS(Input_Konektivitas!$D$3:$D$563,Input_Konektivitas!$A$3:$A$563,$A6,Input_Konektivitas!$B$3:$B$563,B$3)+SUMIFS(Input_Konektivitas!$D$3:$D$563,Input_Konektivitas!$A$3:$A$563,B$3,Input_Konektivitas!$B$3:$B$563,$A6)) -> 6.5 | C6: =IF((COUNTIFS(Input_Konektivitas!$A$3:$A$563,$A6,Input_Konektivitas!$B$3:$B$563,C$3,Input_Konektivitas!$D$3:$D$563,">0")+COUNTIFS(Input_Konektivitas!$A$3:$A$563,C$3,Input_Konektivitas!$B$3:$B$563,$A6,Input_Konektivitas!$D$3:$D$563,">0"))=0,"",SUMIFS(Input_Konektivitas!$D$3:$D$563,Input_Konektivitas!$A$3:$A$563,$A6,Input_Konektivitas!$B$3:$B$563,C$3)+SUMIFS(Input_Konektivitas!$D$3:$D$563,Input_Konektivitas!$A$3:$A$563,C$3,Input_Konektivitas!$B$3:$B$563,$A6)) -> 1.33 | D6: 0 | E6: =IF((COUNTIFS(Input_Konektivitas!$A$3:$A$563,$A6,Input_Konektivitas!$B$3:$B$563,E$3,Input_Konektivitas!$D$3:$D$563,">0")+COUNTIFS(Input_Konektivitas!$A$3:$A$563,E$3,Input_Konektivitas!$B$3:$B$563,$A6,Input_Konektivitas!$D$3:$D$563,">0"))=0,"",SUMIFS(Input_Konektivitas!$D$3:$D$563,Input_Konektivitas!$A$3:$A$563,$A6,Input_Konektivitas!$B$3:$B$563,E$3)+SUMIFS(Input_Konektivitas!$D$3:$D$563,Input_Konektivitas!$A$3:$A$563,E$3,Input_Konektivitas!$B$3:$B$563,$A6)) -> 11.75 | F6: =IF((COUNTIFS(Input_Konektivitas!$A$3:$A$563,$A6,Input_Konektivitas!$B$3:$B$563,F$3,Input_Konektivitas!$D$3:$D$563,">0")+COUNTIFS(Input_Konektivitas!$A$3:$A$563,F$3,Input_Konektivitas!$B$3:$B$563,$A6,Input_Konektivitas!$D$3:$D$563,">0"))=0,"",SUMIFS(Input_Konektivitas!$D$3:$D$563,Input_Konektivitas!$A$3:$A$563,$A6,Input_Konektivitas!$B$3:$B$563,F$3)+SUMIFS(Input_Konektivitas!$D$3:$D$563,Input_Konektivitas!$A$3:$A$563,F$3,Input_Konektivitas!$B$3:$B$563,$A6)) -> 4.42 | G6: =IF((COUNTIFS(Input_Konektivitas!$A$3:$A$563,$A6,Input_Konektivitas!$B$3:$B$563,G$3,Input_Konektivitas!$D$3:$D$563,">0")+COUNTIFS(Input_Konektivitas!$A$3:$A$563,G$3,Input_Konektivitas!$B$3:$B$563,$A6,Input_Konektivitas!$D$3:$D$563,">0"))=0,"",SUMIFS(Input_Konektivitas!$D$3:$D$563,Input_Konektivitas!$A$3:$A$563,$A6,Input_Konektivitas!$B$3:$B$563,G$3)+SUMIFS(Input_Konektivitas!$D$3:$D$563,Input_Konektivitas!$A$3:$A$563,G$3,Input_Konektivitas!$B$3:$B$563,$A6)) -> 4 | H6: =IF((COUNTIFS(Input_Konektivitas!$A$3:$A$563,$A6,Input_Konektivitas!$B$3:$B$563,H$3,Input_Konektivitas!$D$3:$D$563,">0")+COUNTIFS(Input_Konektivitas!$A$3:$A$563,H$3,Input_Konektivitas!$B$3:$B$563,$A6,Input_Konektivitas!$D$3:$D$563,">0"))=0,"",SUMIFS(Input_Konektivitas!$D$3:$D$563,Input_Konektivitas!$A$3:$A$563,$A6,Input_Konektivitas!$B$3:$B$563,H$3)+SUMIFS(Input_Konektivitas!$D$3:$D$563,Input_Konektivitas!$A$3:$A$563,H$3,Input_Konektivitas!$B$3:$B$563,$A6)) -> 5.33 | I6: =IF((COUNTIFS(Input_Konektivitas!$A$3:$A$563,$A6,Input_Konektivitas!$B$3:$B$563,I$3,Input_Konektivitas!$D$3:$D$563,">0")+COUNTIFS(Input_Konektivitas!$A$3:$A$563,I$3,Input_Konektivitas!$B$3:$B$563,$A6,Input_Konektivitas!$D$3:$D$563,">0"))=0,"",SUMIFS(Input_Konektivitas!$D$3:$D$563,Input_Konektivitas!$A$3:$A$563,$A6,Input_Konektivitas!$B$3:$B$563,I$3)+SUMIFS(Input_Konektivitas!$D$3:$D$563,Input_Konektivitas!$A$3:$A$563,I$3,Input_Konektivitas!$B$3:$B$563,$A6)) -> 4.833 | J6: =IF((COUNTIFS(Input_Konektivitas!$A$3:$A$563,$A6,Input_Konektivitas!$B$3:$B$563,J$3,Input_Konektivitas!$D$3:$D$563,">0")+COUNTIFS(Input_Konektivitas!$A$3:$A$563,J$3,Input_Konektivitas!$B$3:$B$563,$A6,Input_Konektivitas!$D$3:$D$563,">0"))=0,"",SUMIFS(Input_Konektivitas!$D$3:$D$563,Input_Konektivitas!$A$3:$A$563,$A6,Input_Konektivitas!$B$3:$B$563,J$3)+SUMIFS(Input_Konektivitas!$D$3:$D$563,Input_Konektivitas!$A$3:$A$563,J$3,Input_Konektivitas!$B$3:$B$563,$A6)) -> 4.833 | K6: =IF((COUNTIFS(Input_Konektivitas!$A$3:$A$563,$A6,Input_Konektivitas!$B$3:$B$563,K$3,Input_Konektivitas!$D$3:$D$563,">0")+COUNTIFS(Input_Konektivitas!$A$3:$A$563,K$3,Input_Konektivitas!$B$3:$B$563,$A6,Input_Konektivitas!$D$3:$D$563,">0"))=0,"",SUMIFS(Input_Konektivitas!$D$3:$D$563,Input_Konektivitas!$A$3:$A$563,$A6,Input_Konektivitas!$B$3:$B$563,K$3)+SUMIFS(Input_Konektivitas!$D$3:$D$563,Input_Konektivitas!$A$3:$A$563,K$3,Input_Konektivitas!$B$3:$B$563,$A6)) -> 5 | L6: =IF((COUNTIFS(Input_Konektivitas!$A$3:$A$563,$A6,Input_Konektivitas!$B$3:$B$563,L$3,Input_Konektivitas!$D$3:$D$563,">0")+COUNTIFS(Input_Konektivitas!$A$3:$A$563,L$3,Input_Konektivitas!$B$3:$B$563,$A6,Input_Konektivitas!$D$3:$D$563,">0"))=0,"",SUMIFS(Input_Konektivitas!$D$3:$D$563,Input_Konektivitas!$A$3:$A$563,$A6,Input_Konektivitas!$B$3:$B$563,L$3)+SUMIFS(Input_Konektivitas!$D$3:$D$563,Input_Konektivitas!$A$3:$A$563,L$3,Input_Konektivitas!$B$3:$B$563,$A6)) -> 1.83 | ... AI6: =IF((COUNTIFS(Input_Konektivitas!$A$3:$A$563,$A6,Input_Konektivitas!$B$3:$B$563,AI$3,Input_Konektivitas!$D$3:$D$563,">0")+COUNTIFS(Input_Konektivitas!$A$3:$A$563,AI$3,Input_Konektivitas!$B$3:$B$563,$A6,Input_Konektivitas!$D$3:$D$563,">0"))=0,"",SUMIFS(Input_Konektivitas!$D$3:$D$563,Input_Konektivitas!$A$3:$A$563,$A6,Input_Konektivitas!$B$3:$B$563,AI$3)+SUMIFS(Input_Konektivitas!$D$3:$D$563,Input_Konektivitas!$A$3:$A$563,AI$3,Input_Konektivitas!$B$3:$B$563,$A6)) -> 10.42
A7: Riau | B7: =IF((COUNTIFS(Input_Konektivitas!$A$3:$A$563,$A7,Input_Konektivitas!$B$3:$B$563,B$3,Input_Konektivitas!$D$3:$D$563,">0")+COUNTIFS(Input_Konektivitas!$A$3:$A$563,B$3,Input_Konektivitas!$B$3:$B$563,$A7,Input_Konektivitas!$D$3:$D$563,">0"))=0,"",SUMIFS(Input_Konektivitas!$D$3:$D$563,Input_Konektivitas!$A$3:$A$563,$A7,Input_Konektivitas!$B$3:$B$563,B$3)+SUMIFS(Input_Konektivitas!$D$3:$D$563,Input_Konektivitas!$A$3:$A$563,B$3,Input_Konektivitas!$B$3:$B$563,$A7)) -> 3.5 | C7: =IF((COUNTIFS(Input_Konektivitas!$A$3:$A$563,$A7,Input_Konektivitas!$B$3:$B$563,C$3,Input_Konektivitas!$D$3:$D$563,">0")+COUNTIFS(Input_Konektivitas!$A$3:$A$563,C$3,Input_Konektivitas!$B$3:$B$563,$A7,Input_Konektivitas!$D$3:$D$563,">0"))=0,"",SUMIFS(Input_Konektivitas!$D$3:$D$563,Input_Konektivitas!$A$3:$A$563,$A7,Input_Konektivitas!$B$3:$B$563,C$3)+SUMIFS(Input_Konektivitas!$D$3:$D$563,Input_Konektivitas!$A$3:$A$563,C$3,Input_Konektivitas!$B$3:$B$563,$A7)) -> 1.1667 | D7: =IF((COUNTIFS(Input_Konektivitas!$A$3:$A$563,$A7,Input_Konektivitas!$B$3:$B$563,D$3,Input_Konektivitas!$D$3:$D$563,">0")+COUNTIFS(Input_Konektivitas!$A$3:$A$563,D$3,Input_Konektivitas!$B$3:$B$563,$A7,Input_Konektivitas!$D$3:$D$563,">0"))=0,"",SUMIFS(Input_Konektivitas!$D$3:$D$563,Input_Konektivitas!$A$3:$A$563,$A7,Input_Konektivitas!$B$3:$B$563,D$3)+SUMIFS(Input_Konektivitas!$D$3:$D$563,Input_Konektivitas!$A$3:$A$563,D$3,Input_Konektivitas!$B$3:$B$563,$A7)) -> 11.75 | E7: 0 | F7: =IF((COUNTIFS(Input_Konektivitas!$A$3:$A$563,$A7,Input_Konektivitas!$B$3:$B$563,F$3,Input_Konektivitas!$D$3:$D$563,">0")+COUNTIFS(Input_Konektivitas!$A$3:$A$563,F$3,Input_Konektivitas!$B$3:$B$563,$A7,Input_Konektivitas!$D$3:$D$563,">0"))=0,"",SUMIFS(Input_Konektivitas!$D$3:$D$563,Input_Konektivitas!$A$3:$A$563,$A7,Input_Konektivitas!$B$3:$B$563,F$3)+SUMIFS(Input_Konektivitas!$D$3:$D$563,Input_Konektivitas!$A$3:$A$563,F$3,Input_Konektivitas!$B$3:$B$563,$A7)) -> 4.167 | G7: =IF((COUNTIFS(Input_Konektivitas!$A$3:$A$563,$A7,Input_Konektivitas!$B$3:$B$563,G$3,Input_Konektivitas!$D$3:$D$563,">0")+COUNTIFS(Input_Konektivitas!$A$3:$A$563,G$3,Input_Konektivitas!$B$3:$B$563,$A7,Input_Konektivitas!$D$3:$D$563,">0"))=0,"",SUMIFS(Input_Konektivitas!$D$3:$D$563,Input_Konektivitas!$A$3:$A$563,$A7,Input_Konektivitas!$B$3:$B$563,G$3)+SUMIFS(Input_Konektivitas!$D$3:$D$563,Input_Konektivitas!$A$3:$A$563,G$3,Input_Konektivitas!$B$3:$B$563,$A7)) -> 3.58 | H7: =IF((COUNTIFS(Input_Konektivitas!$A$3:$A$563,$A7,Input_Konektivitas!$B$3:$B$563,H$3,Input_Konektivitas!$D$3:$D$563,">0")+COUNTIFS(Input_Konektivitas!$A$3:$A$563,H$3,Input_Konektivitas!$B$3:$B$563,$A7,Input_Konektivitas!$D$3:$D$563,">0"))=0,"",SUMIFS(Input_Konektivitas!$D$3:$D$563,Input_Konektivitas!$A$3:$A$563,$A7,Input_Konektivitas!$B$3:$B$563,H$3)+SUMIFS(Input_Konektivitas!$D$3:$D$563,Input_Konektivitas!$A$3:$A$563,H$3,Input_Konektivitas!$B$3:$B$563,$A7)) -> 4.83 | I7: =IF((COUNTIFS(Input_Konektivitas!$A$3:$A$563,$A7,Input_Konektivitas!$B$3:$B$563,I$3,Input_Konektivitas!$D$3:$D$563,">0")+COUNTIFS(Input_Konektivitas!$A$3:$A$563,I$3,Input_Konektivitas!$B$3:$B$563,$A7,Input_Konektivitas!$D$3:$D$563,">0"))=0,"",SUMIFS(Input_Konektivitas!$D$3:$D$563,Input_Konektivitas!$A$3:$A$563,$A7,Input_Konektivitas!$B$3:$B$563,I$3)+SUMIFS(Input_Konektivitas!$D$3:$D$563,Input_Konektivitas!$A$3:$A$563,I$3,Input_Konektivitas!$B$3:$B$563,$A7)) -> 3.75 | J7: =IF((COUNTIFS(Input_Konektivitas!$A$3:$A$563,$A7,Input_Konektivitas!$B$3:$B$563,J$3,Input_Konektivitas!$D$3:$D$563,">0")+COUNTIFS(Input_Konektivitas!$A$3:$A$563,J$3,Input_Konektivitas!$B$3:$B$563,$A7,Input_Konektivitas!$D$3:$D$563,">0"))=0,"",SUMIFS(Input_Konektivitas!$D$3:$D$563,Input_Konektivitas!$A$3:$A$563,$A7,Input_Konektivitas!$B$3:$B$563,J$3)+SUMIFS(Input_Konektivitas!$D$3:$D$563,Input_Konektivitas!$A$3:$A$563,J$3,Input_Konektivitas!$B$3:$B$563,$A7)) -> 5.5 | K7: =IF((COUNTIFS(Input_Konektivitas!$A$3:$A$563,$A7,Input_Konektivitas!$B$3:$B$563,K$3,Input_Konektivitas!$D$3:$D$563,">0")+COUNTIFS(Input_Konektivitas!$A$3:$A$563,K$3,Input_Konektivitas!$B$3:$B$563,$A7,Input_Konektivitas!$D$3:$D$563,">0"))=0,"",SUMIFS(Input_Konektivitas!$D$3:$D$563,Input_Konektivitas!$A$3:$A$563,$A7,Input_Konektivitas!$B$3:$B$563,K$3)+SUMIFS(Input_Konektivitas!$D$3:$D$563,Input_Konektivitas!$A$3:$A$563,K$3,Input_Konektivitas!$B$3:$B$563,$A7)) -> 5.92 | L7: =IF((COUNTIFS(Input_Konektivitas!$A$3:$A$563,$A7,Input_Konektivitas!$B$3:$B$563,L$3,Input_Konektivitas!$D$3:$D$563,">0")+COUNTIFS(Input_Konektivitas!$A$3:$A$563,L$3,Input_Konektivitas!$B$3:$B$563,$A7,Input_Konektivitas!$D$3:$D$563,">0"))=0,"",SUMIFS(Input_Konektivitas!$D$3:$D$563,Input_Konektivitas!$A$3:$A$563,$A7,Input_Konektivitas!$B$3:$B$563,L$3)+SUMIFS(Input_Konektivitas!$D$3:$D$563,Input_Konektivitas!$A$3:$A$563,L$3,Input_Konektivitas!$B$3:$B$563,$A7)) -> 1.75 | M7: =IF((COUNTIFS(Input_Konektivitas!$A$3:$A$563,$A7,Input_Konektivitas!$B$3:$B$563,M$3,Input_Konektivitas!$D$3:$D$563,">0")+COUNTIFS(Input_Konektivitas!$A$3:$A$563,M$3,Input_Konektivitas!$B$3:$B$563,$A7,Input_Konektivitas!$D$3:$D$563,">0"))=0,"",SUMIFS(Input_Konektivitas!$D$3:$D$563,Input_Konektivitas!$A$3:$A$563,$A7,Input_Konektivitas!$B$3:$B$563,M$3)+SUMIFS(Input_Konektivitas!$D$3:$D$563,Input_Konektivitas!$A$3:$A$563,M$3,Input_Konektivitas!$B$3:$B$563,$A7)) -> 6.33 | ... AI7: =IF((COUNTIFS(Input_Konektivitas!$A$3:$A$563,$A7,Input_Konektivitas!$B$3:$B$563,AI$3,Input_Konektivitas!$D$3:$D$563,">0")+COUNTIFS(Input_Konektivitas!$A$3:$A$563,AI$3,Input_Konektivitas!$B$3:$B$563,$A7,Input_Konektivitas!$D$3:$D$563,">0"))=0,"",SUMIFS(Input_Konektivitas!$D$3:$D$563,Input_Konektivitas!$A$3:$A$563,$A7,Input_Konektivitas!$B$3:$B$563,AI$3)+SUMIFS(Input_Konektivitas!$D$3:$D$563,Input_Konektivitas!$A$3:$A$563,AI$3,Input_Konektivitas!$B$3:$B$563,$A7)) -> 10.83
A8: Jambi | B8: =IF((COUNTIFS(Input_Konektivitas!$A$3:$A$563,$A8,Input_Konektivitas!$B$3:$B$563,B$3,Input_Konektivitas!$D$3:$D$563,">0")+COUNTIFS(Input_Konektivitas!$A$3:$A$563,B$3,Input_Konektivitas!$B$3:$B$563,$A8,Input_Konektivitas!$D$3:$D$563,">0"))=0,"",SUMIFS(Input_Konektivitas!$D$3:$D$563,Input_Konektivitas!$A$3:$A$563,$A8,Input_Konektivitas!$B$3:$B$563,B$3)+SUMIFS(Input_Konektivitas!$D$3:$D$563,Input_Konektivitas!$A$3:$A$563,B$3,Input_Konektivitas!$B$3:$B$563,$A8)) -> 6.5 | C8: =IF((COUNTIFS(Input_Konektivitas!$A$3:$A$563,$A8,Input_Konektivitas!$B$3:$B$563,C$3,Input_Konektivitas!$D$3:$D$563,">0")+COUNTIFS(Input_Konektivitas!$A$3:$A$563,C$3,Input_Konektivitas!$B$3:$B$563,$A8,Input_Konektivitas!$D$3:$D$563,">0"))=0,"",SUMIFS(Input_Konektivitas!$D$3:$D$563,Input_Konektivitas!$A$3:$A$563,$A8,Input_Konektivitas!$B$3:$B$563,C$3)+SUMIFS(Input_Konektivitas!$D$3:$D$563,Input_Konektivitas!$A$3:$A$563,C$3,Input_Konektivitas!$B$3:$B$563,$A8)) -> 4.42 | D8: =IF((COUNTIFS(Input_Konektivitas!$A$3:$A$563,$A8,Input_Konektivitas!$B$3:$B$563,D$3,Input_Konektivitas!$D$3:$D$563,">0")+COUNTIFS(Input_Konektivitas!$A$3:$A$563,D$3,Input_Konektivitas!$B$3:$B$563,$A8,Input_Konektivitas!$D$3:$D$563,">0"))=0,"",SUMIFS(Input_Konektivitas!$D$3:$D$563,Input_Konektivitas!$A$3:$A$563,$A8,Input_Konektivitas!$B$3:$B$563,D$3)+SUMIFS(Input_Konektivitas!$D$3:$D$563,Input_Konektivitas!$A$3:$A$563,D$3,Input_Konektivitas!$B$3:$B$563,$A8)) -> 4.42 | E8: =IF((COUNTIFS(Input_Konektivitas!$A$3:$A$563,$A8,Input_Konektivitas!$B$3:$B$563,E$3,Input_Konektivitas!$D$3:$D$563,">0")+COUNTIFS(Input_Konektivitas!$A$3:$A$563,E$3,Input_Konektivitas!$B$3:$B$563,$A8,Input_Konektivitas!$D$3:$D$563,">0"))=0,"",SUMIFS(Input_Konektivitas!$D$3:$D$563,Input_Konektivitas!$A$3:$A$563,$A8,Input_Konektivitas!$B$3:$B$563,E$3)+SUMIFS(Input_Konektivitas!$D$3:$D$563,Input_Konektivitas!$A$3:$A$563,E$3,Input_Konektivitas!$B$3:$B$563,$A8)) -> 4.167 | F8: 0 | G8: =IF((COUNTIFS(Input_Konektivitas!$A$3:$A$563,$A8,Input_Konektivitas!$B$3:$B$563,G$3,Input_Konektivitas!$D$3:$D$563,">0")+COUNTIFS(Input_Konektivitas!$A$3:$A$563,G$3,Input_Konektivitas!$B$3:$B$563,$A8,Input_Konektivitas!$D$3:$D$563,">0"))=0,"",SUMIFS(Input_Konektivitas!$D$3:$D$563,Input_Konektivitas!$A$3:$A$563,$A8,Input_Konektivitas!$B$3:$B$563,G$3)+SUMIFS(Input_Konektivitas!$D$3:$D$563,Input_Konektivitas!$A$3:$A$563,G$3,Input_Konektivitas!$B$3:$B$563,$A8)) -> 3.83 | H8: =IF((COUNTIFS(Input_Konektivitas!$A$3:$A$563,$A8,Input_Konektivitas!$B$3:$B$563,H$3,Input_Konektivitas!$D$3:$D$563,">0")+COUNTIFS(Input_Konektivitas!$A$3:$A$563,H$3,Input_Konektivitas!$B$3:$B$563,$A8,Input_Konektivitas!$D$3:$D$563,">0"))=0,"",SUMIFS(Input_Konektivitas!$D$3:$D$563,Input_Konektivitas!$A$3:$A$563,$A8,Input_Konektivitas!$B$3:$B$563,H$3)+SUMIFS(Input_Konektivitas!$D$3:$D$563,Input_Konektivitas!$A$3:$A$563,H$3,Input_Konektivitas!$B$3:$B$563,$A8)) -> 5 | I8: =IF((COUNTIFS(Input_Konektivitas!$A$3:$A$563,$A8,Input_Konektivitas!$B$3:$B$563,I$3,Input_Konektivitas!$D$3:$D$563,">0")+COUNTIFS(Input_Konektivitas!$A$3:$A$563,I$3,Input_Konektivitas!$B$3:$B$563,$A8,Input_Konektivitas!$D$3:$D$563,">0"))=0,"",SUMIFS(Input_Konektivitas!$D$3:$D$563,Input_Konektivitas!$A$3:$A$563,$A8,Input_Konektivitas!$B$3:$B$563,I$3)+SUMIFS(Input_Konektivitas!$D$3:$D$563,Input_Konektivitas!$A$3:$A$563,I$3,Input_Konektivitas!$B$3:$B$563,$A8)) -> 3.75 | J8: =IF((COUNTIFS(Input_Konektivitas!$A$3:$A$563,$A8,Input_Konektivitas!$B$3:$B$563,J$3,Input_Konektivitas!$D$3:$D$563,">0")+COUNTIFS(Input_Konektivitas!$A$3:$A$563,J$3,Input_Konektivitas!$B$3:$B$563,$A8,Input_Konektivitas!$D$3:$D$563,">0"))=0,"",SUMIFS(Input_Konektivitas!$D$3:$D$563,Input_Konektivitas!$A$3:$A$563,$A8,Input_Konektivitas!$B$3:$B$563,J$3)+SUMIFS(Input_Konektivitas!$D$3:$D$563,Input_Konektivitas!$A$3:$A$563,J$3,Input_Konektivitas!$B$3:$B$563,$A8)) -> 4 | K8: =IF((COUNTIFS(Input_Konektivitas!$A$3:$A$563,$A8,Input_Konektivitas!$B$3:$B$563,K$3,Input_Konektivitas!$D$3:$D$563,">0")+COUNTIFS(Input_Konektivitas!$A$3:$A$563,K$3,Input_Konektivitas!$B$3:$B$563,$A8,Input_Konektivitas!$D$3:$D$563,">0"))=0,"",SUMIFS(Input_Konektivitas!$D$3:$D$563,Input_Konektivitas!$A$3:$A$563,$A8,Input_Konektivitas!$B$3:$B$563,K$3)+SUMIFS(Input_Konektivitas!$D$3:$D$563,Input_Konektivitas!$A$3:$A$563,K$3,Input_Konektivitas!$B$3:$B$563,$A8)) -> 5 | L8: =IF((COUNTIFS(Input_Konektivitas!$A$3:$A$563,$A8,Input_Konektivitas!$B$3:$B$563,L$3,Input_Konektivitas!$D$3:$D$563,">0")+COUNTIFS(Input_Konektivitas!$A$3:$A$563,L$3,Input_Konektivitas!$B$3:$B$563,$A8,Input_Konektivitas!$D$3:$D$563,">0"))=0,"",SUMIFS(Input_Konektivitas!$D$3:$D$563,Input_Konektivitas!$A$3:$A$563,$A8,Input_Konektivitas!$B$3:$B$563,L$3)+SUMIFS(Input_Konektivitas!$D$3:$D$563,Input_Konektivitas!$A$3:$A$563,L$3,Input_Konektivitas!$B$3:$B$563,$A8)) -> 1.33 | M8: =IF((COUNTIFS(Input_Konektivitas!$A$3:$A$563,$A8,Input_Konektivitas!$B$3:$B$563,M$3,Input_Konektivitas!$D$3:$D$563,">0")+COUNTIFS(Input_Konektivitas!$A$3:$A$563,M$3,Input_Konektivitas!$B$3:$B$563,$A8,Input_Konektivitas!$D$3:$D$563,">0"))=0,"",SUMIFS(Input_Konektivitas!$D$3:$D$563,Input_Konektivitas!$A$3:$A$563,$A8,Input_Konektivitas!$B$3:$B$563,M$3)+SUMIFS(Input_Konektivitas!$D$3:$D$563,Input_Konektivitas!$A$3:$A$563,M$3,Input_Konektivitas!$B$3:$B$563,$A8)) | N8: =IF((COUNTIFS(Input_Konektivitas!$A$3:$A$563,$A8,Input_Konektivitas!$B$3:$B$563,N$3,Input_Konektivitas!$D$3:$D$563,">0")+COUNTIFS(Input_Konektivitas!$A$3:$A$563,N$3,Input_Konektivitas!$B$3:$B$563,$A8,Input_Konektivitas!$D$3:$D$563,">0"))=0,"",SUMIFS(Input_Konektivitas!$D$3:$D$563,Input_Konektivitas!$A$3:$A$563,$A8,Input_Konektivitas!$B$3:$B$563,N$3)+SUMIFS(Input_Konektivitas!$D$3:$D$563,Input_Konektivitas!$A$3:$A$563,N$3,Input_Konektivitas!$B$3:$B$563,$A8)) -> 3.167 | ... AI8: =IF((COUNTIFS(Input_Konektivitas!$A$3:$A$563,$A8,Input_Konektivitas!$B$3:$B$563,AI$3,Input_Konektivitas!$D$3:$D$563,">0")+COUNTIFS(Input_Konektivitas!$A$3:$A$563,AI$3,Input_Konektivitas!$B$3:$B$563,$A8,Input_Konektivitas!$D$3:$D$563,">0"))=0,"",SUMIFS(Input_Konektivitas!$D$3:$D$563,Input_Konektivitas!$A$3:$A$563,$A8,Input_Konektivitas!$B$3:$B$563,AI$3)+SUMIFS(Input_Konektivitas!$D$3:$D$563,Input_Konektivitas!$A$3:$A$563,AI$3,Input_Konektivitas!$B$3:$B$563,$A8)) -> 9.83
A9: Sumatera Selatan | B9: =IF((COUNTIFS(Input_Konektivitas!$A$3:$A$563,$A9,Input_Konektivitas!$B$3:$B$563,B$3,Input_Konektivitas!$D$3:$D$563,">0")+COUNTIFS(Input_Konektivitas!$A$3:$A$563,B$3,Input_Konektivitas!$B$3:$B$563,$A9,Input_Konektivitas!$D$3:$D$563,">0"))=0,"",SUMIFS(Input_Konektivitas!$D$3:$D$563,Input_Konektivitas!$A$3:$A$563,$A9,Input_Konektivitas!$B$3:$B$563,B$3)+SUMIFS(Input_Konektivitas!$D$3:$D$563,Input_Konektivitas!$A$3:$A$563,B$3,Input_Konektivitas!$B$3:$B$563,$A9)) -> 4.8333 | C9: =IF((COUNTIFS(Input_Konektivitas!$A$3:$A$563,$A9,Input_Konektivitas!$B$3:$B$563,C$3,Input_Konektivitas!$D$3:$D$563,">0")+COUNTIFS(Input_Konektivitas!$A$3:$A$563,C$3,Input_Konektivitas!$B$3:$B$563,$A9,Input_Konektivitas!$D$3:$D$563,">0"))=0,"",SUMIFS(Input_Konektivitas!$D$3:$D$563,Input_Konektivitas!$A$3:$A$563,$A9,Input_Konektivitas!$B$3:$B$563,C$3)+SUMIFS(Input_Konektivitas!$D$3:$D$563,Input_Konektivitas!$A$3:$A$563,C$3,Input_Konektivitas!$B$3:$B$563,$A9)) -> 1.833 | D9: =IF((COUNTIFS(Input_Konektivitas!$A$3:$A$563,$A9,Input_Konektivitas!$B$3:$B$563,D$3,Input_Konektivitas!$D$3:$D$563,">0")+COUNTIFS(Input_Konektivitas!$A$3:$A$563,D$3,Input_Konektivitas!$B$3:$B$563,$A9,Input_Konektivitas!$D$3:$D$563,">0"))=0,"",SUMIFS(Input_Konektivitas!$D$3:$D$563,Input_Konektivitas!$A$3:$A$563,$A9,Input_Konektivitas!$B$3:$B$563,D$3)+SUMIFS(Input_Konektivitas!$D$3:$D$563,Input_Konektivitas!$A$3:$A$563,D$3,Input_Konektivitas!$B$3:$B$563,$A9)) -> 4 | E9: =IF((COUNTIFS(Input_Konektivitas!$A$3:$A$563,$A9,Input_Konektivitas!$B$3:$B$563,E$3,Input_Konektivitas!$D$3:$D$563,">0")+COUNTIFS(Input_Konektivitas!$A$3:$A$563,E$3,Input_Konektivitas!$B$3:$B$563,$A9,Input_Konektivitas!$D$3:$D$563,">0"))=0,"",SUMIFS(Input_Konektivitas!$D$3:$D$563,Input_Konektivitas!$A$3:$A$563,$A9,Input_Konektivitas!$B$3:$B$563,E$3)+SUMIFS(Input_Konektivitas!$D$3:$D$563,Input_Konektivitas!$A$3:$A$563,E$3,Input_Konektivitas!$B$3:$B$563,$A9)) -> 3.58 | F9: =IF((COUNTIFS(Input_Konektivitas!$A$3:$A$563,$A9,Input_Konektivitas!$B$3:$B$563,F$3,Input_Konektivitas!$D$3:$D$563,">0")+COUNTIFS(Input_Konektivitas!$A$3:$A$563,F$3,Input_Konektivitas!$B$3:$B$563,$A9,Input_Konektivitas!$D$3:$D$563,">0"))=0,"",SUMIFS(Input_Konektivitas!$D$3:$D$563,Input_Konektivitas!$A$3:$A$563,$A9,Input_Konektivitas!$B$3:$B$563,F$3)+SUMIFS(Input_Konektivitas!$D$3:$D$563,Input_Konektivitas!$A$3:$A$563,F$3,Input_Konektivitas!$B$3:$B$563,$A9)) -> 3.83 | G9: 0 | H9: =IF((COUNTIFS(Input_Konektivitas!$A$3:$A$563,$A9,Input_Konektivitas!$B$3:$B$563,H$3,Input_Konektivitas!$D$3:$D$563,">0")+COUNTIFS(Input_Konektivitas!$A$3:$A$563,H$3,Input_Konektivitas!$B$3:$B$563,$A9,Input_Konektivitas!$D$3:$D$563,">0"))=0,"",SUMIFS(Input_Konektivitas!$D$3:$D$563,Input_Konektivitas!$A$3:$A$563,$A9,Input_Konektivitas!$B$3:$B$563,H$3)+SUMIFS(Input_Konektivitas!$D$3:$D$563,Input_Konektivitas!$A$3:$A$563,H$3,Input_Konektivitas!$B$3:$B$563,$A9)) -> 4 | I9: =IF((COUNTIFS(Input_Konektivitas!$A$3:$A$563,$A9,Input_Konektivitas!$B$3:$B$563,I$3,Input_Konektivitas!$D$3:$D$563,">0")+COUNTIFS(Input_Konektivitas!$A$3:$A$563,I$3,Input_Konektivitas!$B$3:$B$563,$A9,Input_Konektivitas!$D$3:$D$563,">0"))=0,"",SUMIFS(Input_Konektivitas!$D$3:$D$563,Input_Konektivitas!$A$3:$A$563,$A9,Input_Konektivitas!$B$3:$B$563,I$3)+SUMIFS(Input_Konektivitas!$D$3:$D$563,Input_Konektivitas!$A$3:$A$563,I$3,Input_Konektivitas!$B$3:$B$563,$A9)) -> 2.92 | J9: =IF((COUNTIFS(Input_Konektivitas!$A$3:$A$563,$A9,Input_Konektivitas!$B$3:$B$563,J$3,Input_Konektivitas!$D$3:$D$563,">0")+COUNTIFS(Input_Konektivitas!$A$3:$A$563,J$3,Input_Konektivitas!$B$3:$B$563,$A9,Input_Konektivitas!$D$3:$D$563,">0"))=0,"",SUMIFS(Input_Konektivitas!$D$3:$D$563,Input_Konektivitas!$A$3:$A$563,$A9,Input_Konektivitas!$B$3:$B$563,J$3)+SUMIFS(Input_Konektivitas!$D$3:$D$563,Input_Konektivitas!$A$3:$A$563,J$3,Input_Konektivitas!$B$3:$B$563,$A9)) -> 0.75 | K9: =IF((COUNTIFS(Input_Konektivitas!$A$3:$A$563,$A9,Input_Konektivitas!$B$3:$B$563,K$3,Input_Konektivitas!$D$3:$D$563,">0")+COUNTIFS(Input_Konektivitas!$A$3:$A$563,K$3,Input_Konektivitas!$B$3:$B$563,$A9,Input_Konektivitas!$D$3:$D$563,">0"))=0,"",SUMIFS(Input_Konektivitas!$D$3:$D$563,Input_Konektivitas!$A$3:$A$563,$A9,Input_Konektivitas!$B$3:$B$563,K$3)+SUMIFS(Input_Konektivitas!$D$3:$D$563,Input_Konektivitas!$A$3:$A$563,K$3,Input_Konektivitas!$B$3:$B$563,$A9)) -> 2.75 | L9: =IF((COUNTIFS(Input_Konektivitas!$A$3:$A$563,$A9,Input_Konektivitas!$B$3:$B$563,L$3,Input_Konektivitas!$D$3:$D$563,">0")+COUNTIFS(Input_Konektivitas!$A$3:$A$563,L$3,Input_Konektivitas!$B$3:$B$563,$A9,Input_Konektivitas!$D$3:$D$563,">0"))=0,"",SUMIFS(Input_Konektivitas!$D$3:$D$563,Input_Konektivitas!$A$3:$A$563,$A9,Input_Konektivitas!$B$3:$B$563,L$3)+SUMIFS(Input_Konektivitas!$D$3:$D$563,Input_Konektivitas!$A$3:$A$563,L$3,Input_Konektivitas!$B$3:$B$563,$A9)) -> 1.167 | M9: =IF((COUNTIFS(Input_Konektivitas!$A$3:$A$563,$A9,Input_Konektivitas!$B$3:$B$563,M$3,Input_Konektivitas!$D$3:$D$563,">0")+COUNTIFS(Input_Konektivitas!$A$3:$A$563,M$3,Input_Konektivitas!$B$3:$B$563,$A9,Input_Konektivitas!$D$3:$D$563,">0"))=0,"",SUMIFS(Input_Konektivitas!$D$3:$D$563,Input_Konektivitas!$A$3:$A$563,$A9,Input_Konektivitas!$B$3:$B$563,M$3)+SUMIFS(Input_Konektivitas!$D$3:$D$563,Input_Konektivitas!$A$3:$A$563,M$3,Input_Konektivitas!$B$3:$B$563,$A9)) -> 6.5 | N9: =IF((COUNTIFS(Input_Konektivitas!$A$3:$A$563,$A9,Input_Konektivitas!$B$3:$B$563,N$3,Input_Konektivitas!$D$3:$D$563,">0")+COUNTIFS(Input_Konektivitas!$A$3:$A$563,N$3,Input_Konektivitas!$B$3:$B$563,$A9,Input_Konektivitas!$D$3:$D$563,">0"))=0,"",SUMIFS(Input_Konektivitas!$D$3:$D$563,Input_Konektivitas!$A$3:$A$563,$A9,Input_Konektivitas!$B$3:$B$563,N$3)+SUMIFS(Input_Konektivitas!$D$3:$D$563,Input_Konektivitas!$A$3:$A$563,N$3,Input_Konektivitas!$B$3:$B$563,$A9)) -> 3 | O9: =IF((COUNTIFS(Input_Konektivitas!$A$3:$A$563,$A9,Input_Konektivitas!$B$3:$B$563,O$3,Input_Konektivitas!$D$3:$D$563,">0")+COUNTIFS(Input_Konektivitas!$A$3:$A$563,O$3,Input_Konektivitas!$B$3:$B$563,$A9,Input_Konektivitas!$D$3:$D$563,">0"))=0,"",SUMIFS(Input_Konektivitas!$D$3:$D$563,Input_Konektivitas!$A$3:$A$563,$A9,Input_Konektivitas!$B$3:$B$563,O$3)+SUMIFS(Input_Konektivitas!$D$3:$D$563,Input_Konektivitas!$A$3:$A$563,O$3,Input_Konektivitas!$B$3:$B$563,$A9)) -> 1.58 | ... AI9: =IF((COUNTIFS(Input_Konektivitas!$A$3:$A$563,$A9,Input_Konektivitas!$B$3:$B$563,AI$3,Input_Konektivitas!$D$3:$D$563,">0")+COUNTIFS(Input_Konektivitas!$A$3:$A$563,AI$3,Input_Konektivitas!$B$3:$B$563,$A9,Input_Konektivitas!$D$3:$D$563,">0"))=0,"",SUMIFS(Input_Konektivitas!$D$3:$D$563,Input_Konektivitas!$A$3:$A$563,$A9,Input_Konektivitas!$B$3:$B$563,AI$3)+SUMIFS(Input_Konektivitas!$D$3:$D$563,Input_Konektivitas!$A$3:$A$563,AI$3,Input_Konektivitas!$B$3:$B$563,$A9)) -> 10.17
A10: Bengkulu | B10: =IF((COUNTIFS(Input_Konektivitas!$A$3:$A$563,$A10,Input_Konektivitas!$B$3:$B$563,B$3,Input_Konektivitas!$D$3:$D$563,">0")+COUNTIFS(Input_Konektivitas!$A$3:$A$563,B$3,Input_Konektivitas!$B$3:$B$563,$A10,Input_Konektivitas!$D$3:$D$563,">0"))=0,"",SUMIFS(Input_Konektivitas!$D$3:$D$563,Input_Konektivitas!$A$3:$A$563,$A10,Input_Konektivitas!$B$3:$B$563,B$3)+SUMIFS(Input_Konektivitas!$D$3:$D$563,Input_Konektivitas!$A$3:$A$563,B$3,Input_Konektivitas!$B$3:$B$563,$A10)) -> 6.92 | C10: =IF((COUNTIFS(Input_Konektivitas!$A$3:$A$563,$A10,Input_Konektivitas!$B$3:$B$563,C$3,Input_Konektivitas!$D$3:$D$563,">0")+COUNTIFS(Input_Konektivitas!$A$3:$A$563,C$3,Input_Konektivitas!$B$3:$B$563,$A10,Input_Konektivitas!$D$3:$D$563,">0"))=0,"",SUMIFS(Input_Konektivitas!$D$3:$D$563,Input_Konektivitas!$A$3:$A$563,$A10,Input_Konektivitas!$B$3:$B$563,C$3)+SUMIFS(Input_Konektivitas!$D$3:$D$563,Input_Konektivitas!$A$3:$A$563,C$3,Input_Konektivitas!$B$3:$B$563,$A10)) -> 5.1667 | D10: =IF((COUNTIFS(Input_Konektivitas!$A$3:$A$563,$A10,Input_Konektivitas!$B$3:$B$563,D$3,Input_Konektivitas!$D$3:$D$563,">0")+COUNTIFS(Input_Konektivitas!$A$3:$A$563,D$3,Input_Konektivitas!$B$3:$B$563,$A10,Input_Konektivitas!$D$3:$D$563,">0"))=0,"",SUMIFS(Input_Konektivitas!$D$3:$D$563,Input_Konektivitas!$A$3:$A$563,$A10,Input_Konektivitas!$B$3:$B$563,D$3)+SUMIFS(Input_Konektivitas!$D$3:$D$563,Input_Konektivitas!$A$3:$A$563,D$3,Input_Konektivitas!$B$3:$B$563,$A10)) -> 5.33 | E10: =IF((COUNTIFS(Input_Konektivitas!$A$3:$A$563,$A10,Input_Konektivitas!$B$3:$B$563,E$3,Input_Konektivitas!$D$3:$D$563,">0")+COUNTIFS(Input_Konektivitas!$A$3:$A$563,E$3,Input_Konektivitas!$B$3:$B$563,$A10,Input_Konektivitas!$D$3:$D$563,">0"))=0,"",SUMIFS(Input_Konektivitas!$D$3:$D$563,Input_Konektivitas!$A$3:$A$563,$A10,Input_Konektivitas!$B$3:$B$563,E$3)+SUMIFS(Input_Konektivitas!$D$3:$D$563,Input_Konektivitas!$A$3:$A$563,E$3,Input_Konektivitas!$B$3:$B$563,$A10)) -> 4.83 | F10: =IF((COUNTIFS(Input_Konektivitas!$A$3:$A$563,$A10,Input_Konektivitas!$B$3:$B$563,F$3,Input_Konektivitas!$D$3:$D$563,">0")+COUNTIFS(Input_Konektivitas!$A$3:$A$563,F$3,Input_Konektivitas!$B$3:$B$563,$A10,Input_Konektivitas!$D$3:$D$563,">0"))=0,"",SUMIFS(Input_Konektivitas!$D$3:$D$563,Input_Konektivitas!$A$3:$A$563,$A10,Input_Konektivitas!$B$3:$B$563,F$3)+SUMIFS(Input_Konektivitas!$D$3:$D$563,Input_Konektivitas!$A$3:$A$563,F$3,Input_Konektivitas!$B$3:$B$563,$A10)) -> 5 | G10: =IF((COUNTIFS(Input_Konektivitas!$A$3:$A$563,$A10,Input_Konektivitas!$B$3:$B$563,G$3,Input_Konektivitas!$D$3:$D$563,">0")+COUNTIFS(Input_Konektivitas!$A$3:$A$563,G$3,Input_Konektivitas!$B$3:$B$563,$A10,Input_Konektivitas!$D$3:$D$563,">0"))=0,"",SUMIFS(Input_Konektivitas!$D$3:$D$563,Input_Konektivitas!$A$3:$A$563,$A10,Input_Konektivitas!$B$3:$B$563,G$3)+SUMIFS(Input_Konektivitas!$D$3:$D$563,Input_Konektivitas!$A$3:$A$563,G$3,Input_Konektivitas!$B$3:$B$563,$A10)) -> 4 | H10: 0 | I10: =IF((COUNTIFS(Input_Konektivitas!$A$3:$A$563,$A10,Input_Konektivitas!$B$3:$B$563,I$3,Input_Konektivitas!$D$3:$D$563,">0")+COUNTIFS(Input_Konektivitas!$A$3:$A$563,I$3,Input_Konektivitas!$B$3:$B$563,$A10,Input_Konektivitas!$D$3:$D$563,">0"))=0,"",SUMIFS(Input_Konektivitas!$D$3:$D$563,Input_Konektivitas!$A$3:$A$563,$A10,Input_Konektivitas!$B$3:$B$563,I$3)+SUMIFS(Input_Konektivitas!$D$3:$D$563,Input_Konektivitas!$A$3:$A$563,I$3,Input_Konektivitas!$B$3:$B$563,$A10)) -> 3.83 | J10: =IF((COUNTIFS(Input_Konektivitas!$A$3:$A$563,$A10,Input_Konektivitas!$B$3:$B$563,J$3,Input_Konektivitas!$D$3:$D$563,">0")+COUNTIFS(Input_Konektivitas!$A$3:$A$563,J$3,Input_Konektivitas!$B$3:$B$563,$A10,Input_Konektivitas!$D$3:$D$563,">0"))=0,"",SUMIFS(Input_Konektivitas!$D$3:$D$563,Input_Konektivitas!$A$3:$A$563,$A10,Input_Konektivitas!$B$3:$B$563,J$3)+SUMIFS(Input_Konektivitas!$D$3:$D$563,Input_Konektivitas!$A$3:$A$563,J$3,Input_Konektivitas!$B$3:$B$563,$A10)) -> 4.5 | K10: =IF((COUNTIFS(Input_Konektivitas!$A$3:$A$563,$A10,Input_Konektivitas!$B$3:$B$563,K$3,Input_Konektivitas!$D$3:$D$563,">0")+COUNTIFS(Input_Konektivitas!$A$3:$A$563,K$3,Input_Konektivitas!$B$3:$B$563,$A10,Input_Konektivitas!$D$3:$D$563,">0"))=0,"",SUMIFS(Input_Konektivitas!$D$3:$D$563,Input_Konektivitas!$A$3:$A$563,$A10,Input_Konektivitas!$B$3:$B$563,K$3)+SUMIFS(Input_Konektivitas!$D$3:$D$563,Input_Konektivitas!$A$3:$A$563,K$3,Input_Konektivitas!$B$3:$B$563,$A10)) -> 5.08 | L10: =IF((COUNTIFS(Input_Konektivitas!$A$3:$A$563,$A10,Input_Konektivitas!$B$3:$B$563,L$3,Input_Konektivitas!$D$3:$D$563,">0")+COUNTIFS(Input_Konektivitas!$A$3:$A$563,L$3,Input_Konektivitas!$B$3:$B$563,$A10,Input_Konektivitas!$D$3:$D$563,">0"))=0,"",SUMIFS(Input_Konektivitas!$D$3:$D$563,Input_Konektivitas!$A$3:$A$563,$A10,Input_Konektivitas!$B$3:$B$563,L$3)+SUMIFS(Input_Konektivitas!$D$3:$D$563,Input_Konektivitas!$A$3:$A$563,L$3,Input_Konektivitas!$B$3:$B$563,$A10)) -> 1.33 | M10: =IF((COUNTIFS(Input_Konektivitas!$A$3:$A$563,$A10,Input_Konektivitas!$B$3:$B$563,M$3,Input_Konektivitas!$D$3:$D$563,">0")+COUNTIFS(Input_Konektivitas!$A$3:$A$563,M$3,Input_Konektivitas!$B$3:$B$563,$A10,Input_Konektivitas!$D$3:$D$563,">0"))=0,"",SUMIFS(Input_Konektivitas!$D$3:$D$563,Input_Konektivitas!$A$3:$A$563,$A10,Input_Konektivitas!$B$3:$B$563,M$3)+SUMIFS(Input_Konektivitas!$D$3:$D$563,Input_Konektivitas!$A$3:$A$563,M$3,Input_Konektivitas!$B$3:$B$563,$A10)) | N10: =IF((COUNTIFS(Input_Konektivitas!$A$3:$A$563,$A10,Input_Konektivitas!$B$3:$B$563,N$3,Input_Konektivitas!$D$3:$D$563,">0")+COUNTIFS(Input_Konektivitas!$A$3:$A$563,N$3,Input_Konektivitas!$B$3:$B$563,$A10,Input_Konektivitas!$D$3:$D$563,">0"))=0,"",SUMIFS(Input_Konektivitas!$D$3:$D$563,Input_Konektivitas!$A$3:$A$563,$A10,Input_Konektivitas!$B$3:$B$563,N$3)+SUMIFS(Input_Konektivitas!$D$3:$D$563,Input_Konektivitas!$A$3:$A$563,N$3,Input_Konektivitas!$B$3:$B$563,$A10)) -> 3.33 | O10: =IF((COUNTIFS(Input_Konektivitas!$A$3:$A$563,$A10,Input_Konektivitas!$B$3:$B$563,O$3,Input_Konektivitas!$D$3:$D$563,">0")+COUNTIFS(Input_Konektivitas!$A$3:$A$563,O$3,Input_Konektivitas!$B$3:$B$563,$A10,Input_Konektivitas!$D$3:$D$563,">0"))=0,"",SUMIFS(Input_Konektivitas!$D$3:$D$563,Input_Konektivitas!$A$3:$A$563,$A10,Input_Konektivitas!$B$3:$B$563,O$3)+SUMIFS(Input_Konektivitas!$D$3:$D$563,Input_Konektivitas!$A$3:$A$563,O$3,Input_Konektivitas!$B$3:$B$563,$A10)) -> 3.67 | P10: =IF((COUNTIFS(Input_Konektivitas!$A$3:$A$563,$A10,Input_Konektivitas!$B$3:$B$563,P$3,Input_Konektivitas!$D$3:$D$563,">0")+COUNTIFS(Input_Konektivitas!$A$3:$A$563,P$3,Input_Konektivitas!$B$3:$B$563,$A10,Input_Konektivitas!$D$3:$D$563,">0"))=0,"",SUMIFS(Input_Konektivitas!$D$3:$D$563,Input_Konektivitas!$A$3:$A$563,$A10,Input_Konektivitas!$B$3:$B$563,P$3)+SUMIFS(Input_Konektivitas!$D$3:$D$563,Input_Konektivitas!$A$3:$A$563,P$3,Input_Konektivitas!$B$3:$B$563,$A10)) -> 3.75 | ... AI10: =IF((COUNTIFS(Input_Konektivitas!$A$3:$A$563,$A10,Input_Konektivitas!$B$3:$B$563,AI$3,Input_Konektivitas!$D$3:$D$563,">0")+COUNTIFS(Input_Konektivitas!$A$3:$A$563,AI$3,Input_Konektivitas!$B$3:$B$563,$A10,Input_Konektivitas!$D$3:$D$563,">0"))=0,"",SUMIFS(Input_Konektivitas!$D$3:$D$563,Input_Konektivitas!$A$3:$A$563,$A10,Input_Konektivitas!$B$3:$B$563,AI$3)+SUMIFS(Input_Konektivitas!$D$3:$D$563,Input_Konektivitas!$A$3:$A$563,AI$3,Input_Konektivitas!$B$3:$B$563,$A10)) -> 12.25
A11: Lampung | B11: =IF((COUNTIFS(Input_Konektivitas!$A$3:$A$563,$A11,Input_Konektivitas!$B$3:$B$563,B$3,Input_Konektivitas!$D$3:$D$563,">0")+COUNTIFS(Input_Konektivitas!$A$3:$A$563,B$3,Input_Konektivitas!$B$3:$B$563,$A11,Input_Konektivitas!$D$3:$D$563,">0"))=0,"",SUMIFS(Input_Konektivitas!$D$3:$D$563,Input_Konektivitas!$A$3:$A$563,$A11,Input_Konektivitas!$B$3:$B$563,B$3)+SUMIFS(Input_Konektivitas!$D$3:$D$563,Input_Konektivitas!$A$3:$A$563,B$3,Input_Konektivitas!$B$3:$B$563,$A11)) -> 5.58 | C11: =IF((COUNTIFS(Input_Konektivitas!$A$3:$A$563,$A11,Input_Konektivitas!$B$3:$B$563,C$3,Input_Konektivitas!$D$3:$D$563,">0")+COUNTIFS(Input_Konektivitas!$A$3:$A$563,C$3,Input_Konektivitas!$B$3:$B$563,$A11,Input_Konektivitas!$D$3:$D$563,">0"))=0,"",SUMIFS(Input_Konektivitas!$D$3:$D$563,Input_Konektivitas!$A$3:$A$563,$A11,Input_Konektivitas!$B$3:$B$563,C$3)+SUMIFS(Input_Konektivitas!$D$3:$D$563,Input_Konektivitas!$A$3:$A$563,C$3,Input_Konektivitas!$B$3:$B$563,$A11)) -> 4.167 | D11: =IF((COUNTIFS(Input_Konektivitas!$A$3:$A$563,$A11,Input_Konektivitas!$B$3:$B$563,D$3,Input_Konektivitas!$D$3:$D$563,">0")+COUNTIFS(Input_Konektivitas!$A$3:$A$563,D$3,Input_Konektivitas!$B$3:$B$563,$A11,Input_Konektivitas!$D$3:$D$563,">0"))=0,"",SUMIFS(Input_Konektivitas!$D$3:$D$563,Input_Konektivitas!$A$3:$A$563,$A11,Input_Konektivitas!$B$3:$B$563,D$3)+SUMIFS(Input_Konektivitas!$D$3:$D$563,Input_Konektivitas!$A$3:$A$563,D$3,Input_Konektivitas!$B$3:$B$563,$A11)) -> 4.833 | E11: =IF((COUNTIFS(Input_Konektivitas!$A$3:$A$563,$A11,Input_Konektivitas!$B$3:$B$563,E$3,Input_Konektivitas!$D$3:$D$563,">0")+COUNTIFS(Input_Konektivitas!$A$3:$A$563,E$3,Input_Konektivitas!$B$3:$B$563,$A11,Input_Konektivitas!$D$3:$D$563,">0"))=0,"",SUMIFS(Input_Konektivitas!$D$3:$D$563,Input_Konektivitas!$A$3:$A$563,$A11,Input_Konektivitas!$B$3:$B$563,E$3)+SUMIFS(Input_Konektivitas!$D$3:$D$563,Input_Konektivitas!$A$3:$A$563,E$3,Input_Konektivitas!$B$3:$B$563,$A11)) -> 3.75 | F11: =IF((COUNTIFS(Input_Konektivitas!$A$3:$A$563,$A11,Input_Konektivitas!$B$3:$B$563,F$3,Input_Konektivitas!$D$3:$D$563,">0")+COUNTIFS(Input_Konektivitas!$A$3:$A$563,F$3,Input_Konektivitas!$B$3:$B$563,$A11,Input_Konektivitas!$D$3:$D$563,">0"))=0,"",SUMIFS(Input_Konektivitas!$D$3:$D$563,Input_Konektivitas!$A$3:$A$563,$A11,Input_Konektivitas!$B$3:$B$563,F$3)+SUMIFS(Input_Konektivitas!$D$3:$D$563,Input_Konektivitas!$A$3:$A$563,F$3,Input_Konektivitas!$B$3:$B$563,$A11)) -> 3.75 | G11: =IF((COUNTIFS(Input_Konektivitas!$A$3:$A$563,$A11,Input_Konektivitas!$B$3:$B$563,G$3,Input_Konektivitas!$D$3:$D$563,">0")+COUNTIFS(Input_Konektivitas!$A$3:$A$563,G$3,Input_Konektivitas!$B$3:$B$563,$A11,Input_Konektivitas!$D$3:$D$563,">0"))=0,"",SUMIFS(Input_Konektivitas!$D$3:$D$563,Input_Konektivitas!$A$3:$A$563,$A11,Input_Konektivitas!$B$3:$B$563,G$3)+SUMIFS(Input_Konektivitas!$D$3:$D$563,Input_Konektivitas!$A$3:$A$563,G$3,Input_Konektivitas!$B$3:$B$563,$A11)) -> 2.92 | H11: =IF((COUNTIFS(Input_Konektivitas!$A$3:$A$563,$A11,Input_Konektivitas!$B$3:$B$563,H$3,Input_Konektivitas!$D$3:$D$563,">0")+COUNTIFS(Input_Konektivitas!$A$3:$A$563,H$3,Input_Konektivitas!$B$3:$B$563,$A11,Input_Konektivitas!$D$3:$D$563,">0"))=0,"",SUMIFS(Input_Konektivitas!$D$3:$D$563,Input_Konektivitas!$A$3:$A$563,$A11,Input_Konektivitas!$B$3:$B$563,H$3)+SUMIFS(Input_Konektivitas!$D$3:$D$563,Input_Konektivitas!$A$3:$A$563,H$3,Input_Konektivitas!$B$3:$B$563,$A11)) -> 3.83 | I11: 0 | J11: =IF((COUNTIFS(Input_Konektivitas!$A$3:$A$563,$A11,Input_Konektivitas!$B$3:$B$563,J$3,Input_Konektivitas!$D$3:$D$563,">0")+COUNTIFS(Input_Konektivitas!$A$3:$A$563,J$3,Input_Konektivitas!$B$3:$B$563,$A11,Input_Konektivitas!$D$3:$D$563,">0"))=0,"",SUMIFS(Input_Konektivitas!$D$3:$D$563,Input_Konektivitas!$A$3:$A$563,$A11,Input_Konektivitas!$B$3:$B$563,J$3)+SUMIFS(Input_Konektivitas!$D$3:$D$563,Input_Konektivitas!$A$3:$A$563,J$3,Input_Konektivitas!$B$3:$B$563,$A11)) -> 4.33 | K11: =IF((COUNTIFS(Input_Konektivitas!$A$3:$A$563,$A11,Input_Konektivitas!$B$3:$B$563,K$3,Input_Konektivitas!$D$3:$D$563,">0")+COUNTIFS(Input_Konektivitas!$A$3:$A$563,K$3,Input_Konektivitas!$B$3:$B$563,$A11,Input_Konektivitas!$D$3:$D$563,">0"))=0,"",SUMIFS(Input_Konektivitas!$D$3:$D$563,Input_Konektivitas!$A$3:$A$563,$A11,Input_Konektivitas!$B$3:$B$563,K$3)+SUMIFS(Input_Konektivitas!$D$3:$D$563,Input_Konektivitas!$A$3:$A$563,K$3,Input_Konektivitas!$B$3:$B$563,$A11)) -> 4 | L11: =IF((COUNTIFS(Input_Konektivitas!$A$3:$A$563,$A11,Input_Konektivitas!$B$3:$B$563,L$3,Input_Konektivitas!$D$3:$D$563,">0")+COUNTIFS(Input_Konektivitas!$A$3:$A$563,L$3,Input_Konektivitas!$B$3:$B$563,$A11,Input_Konektivitas!$D$3:$D$563,">0"))=0,"",SUMIFS(Input_Konektivitas!$D$3:$D$563,Input_Konektivitas!$A$3:$A$563,$A11,Input_Konektivitas!$B$3:$B$563,L$3)+SUMIFS(Input_Konektivitas!$D$3:$D$563,Input_Konektivitas!$A$3:$A$563,L$3,Input_Konektivitas!$B$3:$B$563,$A11)) -> 0.75 | M11: =IF((COUNTIFS(Input_Konektivitas!$A$3:$A$563,$A11,Input_Konektivitas!$B$3:$B$563,M$3,Input_Konektivitas!$D$3:$D$563,">0")+COUNTIFS(Input_Konektivitas!$A$3:$A$563,M$3,Input_Konektivitas!$B$3:$B$563,$A11,Input_Konektivitas!$D$3:$D$563,">0"))=0,"",SUMIFS(Input_Konektivitas!$D$3:$D$563,Input_Konektivitas!$A$3:$A$563,$A11,Input_Konektivitas!$B$3:$B$563,M$3)+SUMIFS(Input_Konektivitas!$D$3:$D$563,Input_Konektivitas!$A$3:$A$563,M$3,Input_Konektivitas!$B$3:$B$563,$A11)) -> 22.25 | N11: =IF((COUNTIFS(Input_Konektivitas!$A$3:$A$563,$A11,Input_Konektivitas!$B$3:$B$563,N$3,Input_Konektivitas!$D$3:$D$563,">0")+COUNTIFS(Input_Konektivitas!$A$3:$A$563,N$3,Input_Konektivitas!$B$3:$B$563,$A11,Input_Konektivitas!$D$3:$D$563,">0"))=0,"",SUMIFS(Input_Konektivitas!$D$3:$D$563,Input_Konektivitas!$A$3:$A$563,$A11,Input_Konektivitas!$B$3:$B$563,N$3)+SUMIFS(Input_Konektivitas!$D$3:$D$563,Input_Konektivitas!$A$3:$A$563,N$3,Input_Konektivitas!$B$3:$B$563,$A11)) -> 4.33 | O11: =IF((COUNTIFS(Input_Konektivitas!$A$3:$A$563,$A11,Input_Konektivitas!$B$3:$B$563,O$3,Input_Konektivitas!$D$3:$D$563,">0")+COUNTIFS(Input_Konektivitas!$A$3:$A$563,O$3,Input_Konektivitas!$B$3:$B$563,$A11,Input_Konektivitas!$D$3:$D$563,">0"))=0,"",SUMIFS(Input_Konektivitas!$D$3:$D$563,Input_Konektivitas!$A$3:$A$563,$A11,Input_Konektivitas!$B$3:$B$563,O$3)+SUMIFS(Input_Konektivitas!$D$3:$D$563,Input_Konektivitas!$A$3:$A$563,O$3,Input_Konektivitas!$B$3:$B$563,$A11)) -> 2.92 | P11: =IF((COUNTIFS(Input_Konektivitas!$A$3:$A$563,$A11,Input_Konektivitas!$B$3:$B$563,P$3,Input_Konektivitas!$D$3:$D$563,">0")+COUNTIFS(Input_Konektivitas!$A$3:$A$563,P$3,Input_Konektivitas!$B$3:$B$563,$A11,Input_Konektivitas!$D$3:$D$563,">0"))=0,"",SUMIFS(Input_Konektivitas!$D$3:$D$563,Input_Konektivitas!$A$3:$A$563,$A11,Input_Konektivitas!$B$3:$B$563,P$3)+SUMIFS(Input_Konektivitas!$D$3:$D$563,Input_Konektivitas!$A$3:$A$563,P$3,Input_Konektivitas!$B$3:$B$563,$A11)) -> 3.25 | Q11: =IF((COUNTIFS(Input_Konektivitas!$A$3:$A$563,$A11,Input_Konektivitas!$B$3:$B$563,Q$3,Input_Konektivitas!$D$3:$D$563,">0")+COUNTIFS(Input_Konektivitas!$A$3:$A$563,Q$3,Input_Konektivitas!$B$3:$B$563,$A11,Input_Konektivitas!$D$3:$D$563,">0"))=0,"",SUMIFS(Input_Konektivitas!$D$3:$D$563,Input_Konektivitas!$A$3:$A$563,$A11,Input_Konektivitas!$B$3:$B$563,Q$3)+SUMIFS(Input_Konektivitas!$D$3:$D$563,Input_Konektivitas!$A$3:$A$563,Q$3,Input_Konektivitas!$B$3:$B$563,$A11)) | ... AI11: =IF((COUNTIFS(Input_Konektivitas!$A$3:$A$563,$A11,Input_Konektivitas!$B$3:$B$563,AI$3,Input_Konektivitas!$D$3:$D$563,">0")+COUNTIFS(Input_Konektivitas!$A$3:$A$563,AI$3,Input_Konektivitas!$B$3:$B$563,$A11,Input_Konektivitas!$D$3:$D$563,">0"))=0,"",SUMIFS(Input_Konektivitas!$D$3:$D$563,Input_Konektivitas!$A$3:$A$563,$A11,Input_Konektivitas!$B$3:$B$563,AI$3)+SUMIFS(Input_Konektivitas!$D$3:$D$563,Input_Konektivitas!$A$3:$A$563,AI$3,Input_Konektivitas!$B$3:$B$563,$A11)) -> 11.25
A12: Kep. Bangka Belitung | B12: =IF((COUNTIFS(Input_Konektivitas!$A$3:$A$563,$A12,Input_Konektivitas!$B$3:$B$563,B$3,Input_Konektivitas!$D$3:$D$563,">0")+COUNTIFS(Input_Konektivitas!$A$3:$A$563,B$3,Input_Konektivitas!$B$3:$B$563,$A12,Input_Konektivitas!$D$3:$D$563,">0"))=0,"",SUMIFS(Input_Konektivitas!$D$3:$D$563,Input_Konektivitas!$A$3:$A$563,$A12,Input_Konektivitas!$B$3:$B$563,B$3)+SUMIFS(Input_Konektivitas!$D$3:$D$563,Input_Konektivitas!$A$3:$A$563,B$3,Input_Konektivitas!$B$3:$B$563,$A12)) -> 9.4167 | C12: =IF((COUNTIFS(Input_Konektivitas!$A$3:$A$563,$A12,Input_Konektivitas!$B$3:$B$563,C$3,Input_Konektivitas!$D$3:$D$563,">0")+COUNTIFS(Input_Konektivitas!$A$3:$A$563,C$3,Input_Konektivitas!$B$3:$B$563,$A12,Input_Konektivitas!$D$3:$D$563,">0"))=0,"",SUMIFS(Input_Konektivitas!$D$3:$D$563,Input_Konektivitas!$A$3:$A$563,$A12,Input_Konektivitas!$B$3:$B$563,C$3)+SUMIFS(Input_Konektivitas!$D$3:$D$563,Input_Konektivitas!$A$3:$A$563,C$3,Input_Konektivitas!$B$3:$B$563,$A12)) -> 5.5 | D12: =IF((COUNTIFS(Input_Konektivitas!$A$3:$A$563,$A12,Input_Konektivitas!$B$3:$B$563,D$3,Input_Konektivitas!$D$3:$D$563,">0")+COUNTIFS(Input_Konektivitas!$A$3:$A$563,D$3,Input_Konektivitas!$B$3:$B$563,$A12,Input_Konektivitas!$D$3:$D$563,">0"))=0,"",SUMIFS(Input_Konektivitas!$D$3:$D$563,Input_Konektivitas!$A$3:$A$563,$A12,Input_Konektivitas!$B$3:$B$563,D$3)+SUMIFS(Input_Konektivitas!$D$3:$D$563,Input_Konektivitas!$A$3:$A$563,D$3,Input_Konektivitas!$B$3:$B$563,$A12)) -> 4.833 | E12: =IF((COUNTIFS(Input_Konektivitas!$A$3:$A$563,$A12,Input_Konektivitas!$B$3:$B$563,E$3,Input_Konektivitas!$D$3:$D$563,">0")+COUNTIFS(Input_Konektivitas!$A$3:$A$563,E$3,Input_Konektivitas!$B$3:$B$563,$A12,Input_Konektivitas!$D$3:$D$563,">0"))=0,"",SUMIFS(Input_Konektivitas!$D$3:$D$563,Input_Konektivitas!$A$3:$A$563,$A12,Input_Konektivitas!$B$3:$B$563,E$3)+SUMIFS(Input_Konektivitas!$D$3:$D$563,Input_Konektivitas!$A$3:$A$563,E$3,Input_Konektivitas!$B$3:$B$563,$A12)) -> 5.5 | F12: =IF((COUNTIFS(Input_Konektivitas!$A$3:$A$563,$A12,Input_Konektivitas!$B$3:$B$563,F$3,Input_Konektivitas!$D$3:$D$563,">0")+COUNTIFS(Input_Konektivitas!$A$3:$A$563,F$3,Input_Konektivitas!$B$3:$B$563,$A12,Input_Konektivitas!$D$3:$D$563,">0"))=0,"",SUMIFS(Input_Konektivitas!$D$3:$D$563,Input_Konektivitas!$A$3:$A$563,$A12,Input_Konektivitas!$B$3:$B$563,F$3)+SUMIFS(Input_Konektivitas!$D$3:$D$563,Input_Konektivitas!$A$3:$A$563,F$3,Input_Konektivitas!$B$3:$B$563,$A12)) -> 4 | G12: =IF((COUNTIFS(Input_Konektivitas!$A$3:$A$563,$A12,Input_Konektivitas!$B$3:$B$563,G$3,Input_Konektivitas!$D$3:$D$563,">0")+COUNTIFS(Input_Konektivitas!$A$3:$A$563,G$3,Input_Konektivitas!$B$3:$B$563,$A12,Input_Konektivitas!$D$3:$D$563,">0"))=0,"",SUMIFS(Input_Konektivitas!$D$3:$D$563,Input_Konektivitas!$A$3:$A$563,$A12,Input_Konektivitas!$B$3:$B$563,G$3)+SUMIFS(Input_Konektivitas!$D$3:$D$563,Input_Konektivitas!$A$3:$A$563,G$3,Input_Konektivitas!$B$3:$B$563,$A12)) -> 0.75 | H12: =IF((COUNTIFS(Input_Konektivitas!$A$3:$A$563,$A12,Input_Konektivitas!$B$3:$B$563,H$3,Input_Konektivitas!$D$3:$D$563,">0")+COUNTIFS(Input_Konektivitas!$A$3:$A$563,H$3,Input_Konektivitas!$B$3:$B$563,$A12,Input_Konektivitas!$D$3:$D$563,">0"))=0,"",SUMIFS(Input_Konektivitas!$D$3:$D$563,Input_Konektivitas!$A$3:$A$563,$A12,Input_Konektivitas!$B$3:$B$563,H$3)+SUMIFS(Input_Konektivitas!$D$3:$D$563,Input_Konektivitas!$A$3:$A$563,H$3,Input_Konektivitas!$B$3:$B$563,$A12)) -> 4.5 | I12: =IF((COUNTIFS(Input_Konektivitas!$A$3:$A$563,$A12,Input_Konektivitas!$B$3:$B$563,I$3,Input_Konektivitas!$D$3:$D$563,">0")+COUNTIFS(Input_Konektivitas!$A$3:$A$563,I$3,Input_Konektivitas!$B$3:$B$563,$A12,Input_Konektivitas!$D$3:$D$563,">0"))=0,"",SUMIFS(Input_Konektivitas!$D$3:$D$563,Input_Konektivitas!$A$3:$A$563,$A12,Input_Konektivitas!$B$3:$B$563,I$3)+SUMIFS(Input_Konektivitas!$D$3:$D$563,Input_Konektivitas!$A$3:$A$563,I$3,Input_Konektivitas!$B$3:$B$563,$A12)) -> 4.33 | J12: 0 | K12: =IF((COUNTIFS(Input_Konektivitas!$A$3:$A$563,$A12,Input_Konektivitas!$B$3:$B$563,K$3,Input_Konektivitas!$D$3:$D$563,">0")+COUNTIFS(Input_Konektivitas!$A$3:$A$563,K$3,Input_Konektivitas!$B$3:$B$563,$A12,Input_Konektivitas!$D$3:$D$563,">0"))=0,"",SUMIFS(Input_Konektivitas!$D$3:$D$563,Input_Konektivitas!$A$3:$A$563,$A12,Input_Konektivitas!$B$3:$B$563,K$3)+SUMIFS(Input_Konektivitas!$D$3:$D$563,Input_Konektivitas!$A$3:$A$563,K$3,Input_Konektivitas!$B$3:$B$563,$A12)) -> 1.5 | L12: =IF((COUNTIFS(Input_Konektivitas!$A$3:$A$563,$A12,Input_Konektivitas!$B$3:$B$563,L$3,Input_Konektivitas!$D$3:$D$563,">0")+COUNTIFS(Input_Konektivitas!$A$3:$A$563,L$3,Input_Konektivitas!$B$3:$B$563,$A12,Input_Konektivitas!$D$3:$D$563,">0"))=0,"",SUMIFS(Input_Konektivitas!$D$3:$D$563,Input_Konektivitas!$A$3:$A$563,$A12,Input_Konektivitas!$B$3:$B$563,L$3)+SUMIFS(Input_Konektivitas!$D$3:$D$563,Input_Konektivitas!$A$3:$A$563,L$3,Input_Konektivitas!$B$3:$B$563,$A12)) -> 1.17 | M12: =IF((COUNTIFS(Input_Konektivitas!$A$3:$A$563,$A12,Input_Konektivitas!$B$3:$B$563,M$3,Input_Konektivitas!$D$3:$D$563,">0")+COUNTIFS(Input_Konektivitas!$A$3:$A$563,M$3,Input_Konektivitas!$B$3:$B$563,$A12,Input_Konektivitas!$D$3:$D$563,">0"))=0,"",SUMIFS(Input_Konektivitas!$D$3:$D$563,Input_Konektivitas!$A$3:$A$563,$A12,Input_Konektivitas!$B$3:$B$563,M$3)+SUMIFS(Input_Konektivitas!$D$3:$D$563,Input_Konektivitas!$A$3:$A$563,M$3,Input_Konektivitas!$B$3:$B$563,$A12)) | N12: =IF((COUNTIFS(Input_Konektivitas!$A$3:$A$563,$A12,Input_Konektivitas!$B$3:$B$563,N$3,Input_Konektivitas!$D$3:$D$563,">0")+COUNTIFS(Input_Konektivitas!$A$3:$A$563,N$3,Input_Konektivitas!$B$3:$B$563,$A12,Input_Konektivitas!$D$3:$D$563,">0"))=0,"",SUMIFS(Input_Konektivitas!$D$3:$D$563,Input_Konektivitas!$A$3:$A$563,$A12,Input_Konektivitas!$B$3:$B$563,N$3)+SUMIFS(Input_Konektivitas!$D$3:$D$563,Input_Konektivitas!$A$3:$A$563,N$3,Input_Konektivitas!$B$3:$B$563,$A12)) -> 3.17 | O12: =IF((COUNTIFS(Input_Konektivitas!$A$3:$A$563,$A12,Input_Konektivitas!$B$3:$B$563,O$3,Input_Konektivitas!$D$3:$D$563,">0")+COUNTIFS(Input_Konektivitas!$A$3:$A$563,O$3,Input_Konektivitas!$B$3:$B$563,$A12,Input_Konektivitas!$D$3:$D$563,">0"))=0,"",SUMIFS(Input_Konektivitas!$D$3:$D$563,Input_Konektivitas!$A$3:$A$563,$A12,Input_Konektivitas!$B$3:$B$563,O$3)+SUMIFS(Input_Konektivitas!$D$3:$D$563,Input_Konektivitas!$A$3:$A$563,O$3,Input_Konektivitas!$B$3:$B$563,$A12)) -> 3.25 | P12: =IF((COUNTIFS(Input_Konektivitas!$A$3:$A$563,$A12,Input_Konektivitas!$B$3:$B$563,P$3,Input_Konektivitas!$D$3:$D$563,">0")+COUNTIFS(Input_Konektivitas!$A$3:$A$563,P$3,Input_Konektivitas!$B$3:$B$563,$A12,Input_Konektivitas!$D$3:$D$563,">0"))=0,"",SUMIFS(Input_Konektivitas!$D$3:$D$563,Input_Konektivitas!$A$3:$A$563,$A12,Input_Konektivitas!$B$3:$B$563,P$3)+SUMIFS(Input_Konektivitas!$D$3:$D$563,Input_Konektivitas!$A$3:$A$563,P$3,Input_Konektivitas!$B$3:$B$563,$A12)) -> 3.33 | Q12: =IF((COUNTIFS(Input_Konektivitas!$A$3:$A$563,$A12,Input_Konektivitas!$B$3:$B$563,Q$3,Input_Konektivitas!$D$3:$D$563,">0")+COUNTIFS(Input_Konektivitas!$A$3:$A$563,Q$3,Input_Konektivitas!$B$3:$B$563,$A12,Input_Konektivitas!$D$3:$D$563,">0"))=0,"",SUMIFS(Input_Konektivitas!$D$3:$D$563,Input_Konektivitas!$A$3:$A$563,$A12,Input_Konektivitas!$B$3:$B$563,Q$3)+SUMIFS(Input_Konektivitas!$D$3:$D$563,Input_Konektivitas!$A$3:$A$563,Q$3,Input_Konektivitas!$B$3:$B$563,$A12)) | R12: =IF((COUNTIFS(Input_Konektivitas!$A$3:$A$563,$A12,Input_Konektivitas!$B$3:$B$563,R$3,Input_Konektivitas!$D$3:$D$563,">0")+COUNTIFS(Input_Konektivitas!$A$3:$A$563,R$3,Input_Konektivitas!$B$3:$B$563,$A12,Input_Konektivitas!$D$3:$D$563,">0"))=0,"",SUMIFS(Input_Konektivitas!$D$3:$D$563,Input_Konektivitas!$A$3:$A$563,$A12,Input_Konektivitas!$B$3:$B$563,R$3)+SUMIFS(Input_Konektivitas!$D$3:$D$563,Input_Konektivitas!$A$3:$A$563,R$3,Input_Konektivitas!$B$3:$B$563,$A12)) -> 4 | ... AI12: =IF((COUNTIFS(Input_Konektivitas!$A$3:$A$563,$A12,Input_Konektivitas!$B$3:$B$563,AI$3,Input_Konektivitas!$D$3:$D$563,">0")+COUNTIFS(Input_Konektivitas!$A$3:$A$563,AI$3,Input_Konektivitas!$B$3:$B$563,$A12,Input_Konektivitas!$D$3:$D$563,">0"))=0,"",SUMIFS(Input_Konektivitas!$D$3:$D$563,Input_Konektivitas!$A$3:$A$563,$A12,Input_Konektivitas!$B$3:$B$563,AI$3)+SUMIFS(Input_Konektivitas!$D$3:$D$563,Input_Konektivitas!$A$3:$A$563,AI$3,Input_Konektivitas!$B$3:$B$563,$A12)) -> 10.92
A13: Kepulauan Riau | B13: =IF((COUNTIFS(Input_Konektivitas!$A$3:$A$563,$A13,Input_Konektivitas!$B$3:$B$563,B$3,Input_Konektivitas!$D$3:$D$563,">0")+COUNTIFS(Input_Konektivitas!$A$3:$A$563,B$3,Input_Konektivitas!$B$3:$B$563,$A13,Input_Konektivitas!$D$3:$D$563,">0"))=0,"",SUMIFS(Input_Konektivitas!$D$3:$D$563,Input_Konektivitas!$A$3:$A$563,$A13,Input_Konektivitas!$B$3:$B$563,B$3)+SUMIFS(Input_Konektivitas!$D$3:$D$563,Input_Konektivitas!$A$3:$A$563,B$3,Input_Konektivitas!$B$3:$B$563,$A13)) -> 24 | C13: =IF((COUNTIFS(Input_Konektivitas!$A$3:$A$563,$A13,Input_Konektivitas!$B$3:$B$563,C$3,Input_Konektivitas!$D$3:$D$563,">0")+COUNTIFS(Input_Konektivitas!$A$3:$A$563,C$3,Input_Konektivitas!$B$3:$B$563,$A13,Input_Konektivitas!$D$3:$D$563,">0"))=0,"",SUMIFS(Input_Konektivitas!$D$3:$D$563,Input_Konektivitas!$A$3:$A$563,$A13,Input_Konektivitas!$B$3:$B$563,C$3)+SUMIFS(Input_Konektivitas!$D$3:$D$563,Input_Konektivitas!$A$3:$A$563,C$3,Input_Konektivitas!$B$3:$B$563,$A13)) -> 5.92 | D13: =IF((COUNTIFS(Input_Konektivitas!$A$3:$A$563,$A13,Input_Konektivitas!$B$3:$B$563,D$3,Input_Konektivitas!$D$3:$D$563,">0")+COUNTIFS(Input_Konektivitas!$A$3:$A$563,D$3,Input_Konektivitas!$B$3:$B$563,$A13,Input_Konektivitas!$D$3:$D$563,">0"))=0,"",SUMIFS(Input_Konektivitas!$D$3:$D$563,Input_Konektivitas!$A$3:$A$563,$A13,Input_Konektivitas!$B$3:$B$563,D$3)+SUMIFS(Input_Konektivitas!$D$3:$D$563,Input_Konektivitas!$A$3:$A$563,D$3,Input_Konektivitas!$B$3:$B$563,$A13)) -> 5 | E13: =IF((COUNTIFS(Input_Konektivitas!$A$3:$A$563,$A13,Input_Konektivitas!$B$3:$B$563,E$3,Input_Konektivitas!$D$3:$D$563,">0")+COUNTIFS(Input_Konektivitas!$A$3:$A$563,E$3,Input_Konektivitas!$B$3:$B$563,$A13,Input_Konektivitas!$D$3:$D$563,">0"))=0,"",SUMIFS(Input_Konektivitas!$D$3:$D$563,Input_Konektivitas!$A$3:$A$563,$A13,Input_Konektivitas!$B$3:$B$563,E$3)+SUMIFS(Input_Konektivitas!$D$3:$D$563,Input_Konektivitas!$A$3:$A$563,E$3,Input_Konektivitas!$B$3:$B$563,$A13)) -> 5.92 | F13: =IF((COUNTIFS(Input_Konektivitas!$A$3:$A$563,$A13,Input_Konektivitas!$B$3:$B$563,F$3,Input_Konektivitas!$D$3:$D$563,">0")+COUNTIFS(Input_Konektivitas!$A$3:$A$563,F$3,Input_Konektivitas!$B$3:$B$563,$A13,Input_Konektivitas!$D$3:$D$563,">0"))=0,"",SUMIFS(Input_Konektivitas!$D$3:$D$563,Input_Konektivitas!$A$3:$A$563,$A13,Input_Konektivitas!$B$3:$B$563,F$3)+SUMIFS(Input_Konektivitas!$D$3:$D$563,Input_Konektivitas!$A$3:$A$563,F$3,Input_Konektivitas!$B$3:$B$563,$A13)) -> 5 | G13: =IF((COUNTIFS(Input_Konektivitas!$A$3:$A$563,$A13,Input_Konektivitas!$B$3:$B$563,G$3,Input_Konektivitas!$D$3:$D$563,">0")+COUNTIFS(Input_Konektivitas!$A$3:$A$563,G$3,Input_Konektivitas!$B$3:$B$563,$A13,Input_Konektivitas!$D$3:$D$563,">0"))=0,"",SUMIFS(Input_Konektivitas!$D$3:$D$563,Input_Konektivitas!$A$3:$A$563,$A13,Input_Konektivitas!$B$3:$B$563,G$3)+SUMIFS(Input_Konektivitas!$D$3:$D$563,Input_Konektivitas!$A$3:$A$563,G$3,Input_Konektivitas!$B$3:$B$563,$A13)) -> 2.75 | H13: =IF((COUNTIFS(Input_Konektivitas!$A$3:$A$563,$A13,Input_Konektivitas!$B$3:$B$563,H$3,Input_Konektivitas!$D$3:$D$563,">0")+COUNTIFS(Input_Konektivitas!$A$3:$A$563,H$3,Input_Konektivitas!$B$3:$B$563,$A13,Input_Konektivitas!$D$3:$D$563,">0"))=0,"",SUMIFS(Input_Konektivitas!$D$3:$D$563,Input_Konektivitas!$A$3:$A$563,$A13,Input_Konektivitas!$B$3:$B$563,H$3)+SUMIFS(Input_Konektivitas!$D$3:$D$563,Input_Konektivitas!$A$3:$A$563,H$3,Input_Konektivitas!$B$3:$B$563,$A13)) -> 5.08 | I13: =IF((COUNTIFS(Input_Konektivitas!$A$3:$A$563,$A13,Input_Konektivitas!$B$3:$B$563,I$3,Input_Konektivitas!$D$3:$D$563,">0")+COUNTIFS(Input_Konektivitas!$A$3:$A$563,I$3,Input_Konektivitas!$B$3:$B$563,$A13,Input_Konektivitas!$D$3:$D$563,">0"))=0,"",SUMIFS(Input_Konektivitas!$D$3:$D$563,Input_Konektivitas!$A$3:$A$563,$A13,Input_Konektivitas!$B$3:$B$563,I$3)+SUMIFS(Input_Konektivitas!$D$3:$D$563,Input_Konektivitas!$A$3:$A$563,I$3,Input_Konektivitas!$B$3:$B$563,$A13)) -> 4 | J13: =IF((COUNTIFS(Input_Konektivitas!$A$3:$A$563,$A13,Input_Konektivitas!$B$3:$B$563,J$3,Input_Konektivitas!$D$3:$D$563,">0")+COUNTIFS(Input_Konektivitas!$A$3:$A$563,J$3,Input_Konektivitas!$B$3:$B$563,$A13,Input_Konektivitas!$D$3:$D$563,">0"))=0,"",SUMIFS(Input_Konektivitas!$D$3:$D$563,Input_Konektivitas!$A$3:$A$563,$A13,Input_Konektivitas!$B$3:$B$563,J$3)+SUMIFS(Input_Konektivitas!$D$3:$D$563,Input_Konektivitas!$A$3:$A$563,J$3,Input_Konektivitas!$B$3:$B$563,$A13)) -> 1.5 | K13: 0 | L13: =IF((COUNTIFS(Input_Konektivitas!$A$3:$A$563,$A13,Input_Konektivitas!$B$3:$B$563,L$3,Input_Konektivitas!$D$3:$D$563,">0")+COUNTIFS(Input_Konektivitas!$A$3:$A$563,L$3,Input_Konektivitas!$B$3:$B$563,$A13,Input_Konektivitas!$D$3:$D$563,">0"))=0,"",SUMIFS(Input_Konektivitas!$D$3:$D$563,Input_Konektivitas!$A$3:$A$563,$A13,Input_Konektivitas!$B$3:$B$563,L$3)+SUMIFS(Input_Konektivitas!$D$3:$D$563,Input_Konektivitas!$A$3:$A$563,L$3,Input_Konektivitas!$B$3:$B$563,$A13)) -> 1.66667 | M13: =IF((COUNTIFS(Input_Konektivitas!$A$3:$A$563,$A13,Input_Konektivitas!$B$3:$B$563,M$3,Input_Konektivitas!$D$3:$D$563,">0")+COUNTIFS(Input_Konektivitas!$A$3:$A$563,M$3,Input_Konektivitas!$B$3:$B$563,$A13,Input_Konektivitas!$D$3:$D$563,">0"))=0,"",SUMIFS(Input_Konektivitas!$D$3:$D$563,Input_Konektivitas!$A$3:$A$563,$A13,Input_Konektivitas!$B$3:$B$563,M$3)+SUMIFS(Input_Konektivitas!$D$3:$D$563,Input_Konektivitas!$A$3:$A$563,M$3,Input_Konektivitas!$B$3:$B$563,$A13)) | N13: =IF((COUNTIFS(Input_Konektivitas!$A$3:$A$563,$A13,Input_Konektivitas!$B$3:$B$563,N$3,Input_Konektivitas!$D$3:$D$563,">0")+COUNTIFS(Input_Konektivitas!$A$3:$A$563,N$3,Input_Konektivitas!$B$3:$B$563,$A13,Input_Konektivitas!$D$3:$D$563,">0"))=0,"",SUMIFS(Input_Konektivitas!$D$3:$D$563,Input_Konektivitas!$A$3:$A$563,$A13,Input_Konektivitas!$B$3:$B$563,N$3)+SUMIFS(Input_Konektivitas!$D$3:$D$563,Input_Konektivitas!$A$3:$A$563,N$3,Input_Konektivitas!$B$3:$B$563,$A13)) -> 2 | O13: =IF((COUNTIFS(Input_Konektivitas!$A$3:$A$563,$A13,Input_Konektivitas!$B$3:$B$563,O$3,Input_Konektivitas!$D$3:$D$563,">0")+COUNTIFS(Input_Konektivitas!$A$3:$A$563,O$3,Input_Konektivitas!$B$3:$B$563,$A13,Input_Konektivitas!$D$3:$D$563,">0"))=0,"",SUMIFS(Input_Konektivitas!$D$3:$D$563,Input_Konektivitas!$A$3:$A$563,$A13,Input_Konektivitas!$B$3:$B$563,O$3)+SUMIFS(Input_Konektivitas!$D$3:$D$563,Input_Konektivitas!$A$3:$A$563,O$3,Input_Konektivitas!$B$3:$B$563,$A13)) -> 2.25 | P13: =IF((COUNTIFS(Input_Konektivitas!$A$3:$A$563,$A13,Input_Konektivitas!$B$3:$B$563,P$3,Input_Konektivitas!$D$3:$D$563,">0")+COUNTIFS(Input_Konektivitas!$A$3:$A$563,P$3,Input_Konektivitas!$B$3:$B$563,$A13,Input_Konektivitas!$D$3:$D$563,">0"))=0,"",SUMIFS(Input_Konektivitas!$D$3:$D$563,Input_Konektivitas!$A$3:$A$563,$A13,Input_Konektivitas!$B$3:$B$563,P$3)+SUMIFS(Input_Konektivitas!$D$3:$D$563,Input_Konektivitas!$A$3:$A$563,P$3,Input_Konektivitas!$B$3:$B$563,$A13)) -> 4.17 | Q13: =IF((COUNTIFS(Input_Konektivitas!$A$3:$A$563,$A13,Input_Konektivitas!$B$3:$B$563,Q$3,Input_Konektivitas!$D$3:$D$563,">0")+COUNTIFS(Input_Konektivitas!$A$3:$A$563,Q$3,Input_Konektivitas!$B$3:$B$563,$A13,Input_Konektivitas!$D$3:$D$563,">0"))=0,"",SUMIFS(Input_Konektivitas!$D$3:$D$563,Input_Konektivitas!$A$3:$A$563,$A13,Input_Konektivitas!$B$3:$B$563,Q$3)+SUMIFS(Input_Konektivitas!$D$3:$D$563,Input_Konektivitas!$A$3:$A$563,Q$3,Input_Konektivitas!$B$3:$B$563,$A13)) | R13: =IF((COUNTIFS(Input_Konektivitas!$A$3:$A$563,$A13,Input_Konektivitas!$B$3:$B$563,R$3,Input_Konektivitas!$D$3:$D$563,">0")+COUNTIFS(Input_Konektivitas!$A$3:$A$563,R$3,Input_Konektivitas!$B$3:$B$563,$A13,Input_Konektivitas!$D$3:$D$563,">0"))=0,"",SUMIFS(Input_Konektivitas!$D$3:$D$563,Input_Konektivitas!$A$3:$A$563,$A13,Input_Konektivitas!$B$3:$B$563,R$3)+SUMIFS(Input_Konektivitas!$D$3:$D$563,Input_Konektivitas!$A$3:$A$563,R$3,Input_Konektivitas!$B$3:$B$563,$A13)) -> 4.91677 | S13: =IF((COUNTIFS(Input_Konektivitas!$A$3:$A$563,$A13,Input_Konektivitas!$B$3:$B$563,S$3,Input_Konektivitas!$D$3:$D$563,">0")+COUNTIFS(Input_Konektivitas!$A$3:$A$563,S$3,Input_Konektivitas!$B$3:$B$563,$A13,Input_Konektivitas!$D$3:$D$563,">0"))=0,"",SUMIFS(Input_Konektivitas!$D$3:$D$563,Input_Konektivitas!$A$3:$A$563,$A13,Input_Konektivitas!$B$3:$B$563,S$3)+SUMIFS(Input_Konektivitas!$D$3:$D$563,Input_Konektivitas!$A$3:$A$563,S$3,Input_Konektivitas!$B$3:$B$563,$A13)) -> 4.42 | ... AI13: =IF((COUNTIFS(Input_Konektivitas!$A$3:$A$563,$A13,Input_Konektivitas!$B$3:$B$563,AI$3,Input_Konektivitas!$D$3:$D$563,">0")+COUNTIFS(Input_Konektivitas!$A$3:$A$563,AI$3,Input_Konektivitas!$B$3:$B$563,$A13,Input_Konektivitas!$D$3:$D$563,">0"))=0,"",SUMIFS(Input_Konektivitas!$D$3:$D$563,Input_Konektivitas!$A$3:$A$563,$A13,Input_Konektivitas!$B$3:$B$563,AI$3)+SUMIFS(Input_Konektivitas!$D$3:$D$563,Input_Konektivitas!$A$3:$A$563,AI$3,Input_Konektivitas!$B$3:$B$563,$A13)) -> 10.83
A14: DKI Jakarta | B14: =IF((COUNTIFS(Input_Konektivitas!$A$3:$A$563,$A14,Input_Konektivitas!$B$3:$B$563,B$3,Input_Konektivitas!$D$3:$D$563,">0")+COUNTIFS(Input_Konektivitas!$A$3:$A$563,B$3,Input_Konektivitas!$B$3:$B$563,$A14,Input_Konektivitas!$D$3:$D$563,">0"))=0,"",SUMIFS(Input_Konektivitas!$D$3:$D$563,Input_Konektivitas!$A$3:$A$563,$A14,Input_Konektivitas!$B$3:$B$563,B$3)+SUMIFS(Input_Konektivitas!$D$3:$D$563,Input_Konektivitas!$A$3:$A$563,B$3,Input_Konektivitas!$B$3:$B$563,$A14)) -> 2.91777 | C14: =IF((COUNTIFS(Input_Konektivitas!$A$3:$A$563,$A14,Input_Konektivitas!$B$3:$B$563,C$3,Input_Konektivitas!$D$3:$D$563,">0")+COUNTIFS(Input_Konektivitas!$A$3:$A$563,C$3,Input_Konektivitas!$B$3:$B$563,$A14,Input_Konektivitas!$D$3:$D$563,">0"))=0,"",SUMIFS(Input_Konektivitas!$D$3:$D$563,Input_Konektivitas!$A$3:$A$563,$A14,Input_Konektivitas!$B$3:$B$563,C$3)+SUMIFS(Input_Konektivitas!$D$3:$D$563,Input_Konektivitas!$A$3:$A$563,C$3,Input_Konektivitas!$B$3:$B$563,$A14)) -> 2.42 | D14: =IF((COUNTIFS(Input_Konektivitas!$A$3:$A$563,$A14,Input_Konektivitas!$B$3:$B$563,D$3,Input_Konektivitas!$D$3:$D$563,">0")+COUNTIFS(Input_Konektivitas!$A$3:$A$563,D$3,Input_Konektivitas!$B$3:$B$563,$A14,Input_Konektivitas!$D$3:$D$563,">0"))=0,"",SUMIFS(Input_Konektivitas!$D$3:$D$563,Input_Konektivitas!$A$3:$A$563,$A14,Input_Konektivitas!$B$3:$B$563,D$3)+SUMIFS(Input_Konektivitas!$D$3:$D$563,Input_Konektivitas!$A$3:$A$563,D$3,Input_Konektivitas!$B$3:$B$563,$A14)) -> 1.83 | E14: =IF((COUNTIFS(Input_Konektivitas!$A$3:$A$563,$A14,Input_Konektivitas!$B$3:$B$563,E$3,Input_Konektivitas!$D$3:$D$563,">0")+COUNTIFS(Input_Konektivitas!$A$3:$A$563,E$3,Input_Konektivitas!$B$3:$B$563,$A14,Input_Konektivitas!$D$3:$D$563,">0"))=0,"",SUMIFS(Input_Konektivitas!$D$3:$D$563,Input_Konektivitas!$A$3:$A$563,$A14,Input_Konektivitas!$B$3:$B$563,E$3)+SUMIFS(Input_Konektivitas!$D$3:$D$563,Input_Konektivitas!$A$3:$A$563,E$3,Input_Konektivitas!$B$3:$B$563,$A14)) -> 1.75 | F14: =IF((COUNTIFS(Input_Konektivitas!$A$3:$A$563,$A14,Input_Konektivitas!$B$3:$B$563,F$3,Input_Konektivitas!$D$3:$D$563,">0")+COUNTIFS(Input_Konektivitas!$A$3:$A$563,F$3,Input_Konektivitas!$B$3:$B$563,$A14,Input_Konektivitas!$D$3:$D$563,">0"))=0,"",SUMIFS(Input_Konektivitas!$D$3:$D$563,Input_Konektivitas!$A$3:$A$563,$A14,Input_Konektivitas!$B$3:$B$563,F$3)+SUMIFS(Input_Konektivitas!$D$3:$D$563,Input_Konektivitas!$A$3:$A$563,F$3,Input_Konektivitas!$B$3:$B$563,$A14)) -> 1.33 | G14: =IF((COUNTIFS(Input_Konektivitas!$A$3:$A$563,$A14,Input_Konektivitas!$B$3:$B$563,G$3,Input_Konektivitas!$D$3:$D$563,">0")+COUNTIFS(Input_Konektivitas!$A$3:$A$563,G$3,Input_Konektivitas!$B$3:$B$563,$A14,Input_Konektivitas!$D$3:$D$563,">0"))=0,"",SUMIFS(Input_Konektivitas!$D$3:$D$563,Input_Konektivitas!$A$3:$A$563,$A14,Input_Konektivitas!$B$3:$B$563,G$3)+SUMIFS(Input_Konektivitas!$D$3:$D$563,Input_Konektivitas!$A$3:$A$563,G$3,Input_Konektivitas!$B$3:$B$563,$A14)) -> 1.167 | H14: =IF((COUNTIFS(Input_Konektivitas!$A$3:$A$563,$A14,Input_Konektivitas!$B$3:$B$563,H$3,Input_Konektivitas!$D$3:$D$563,">0")+COUNTIFS(Input_Konektivitas!$A$3:$A$563,H$3,Input_Konektivitas!$B$3:$B$563,$A14,Input_Konektivitas!$D$3:$D$563,">0"))=0,"",SUMIFS(Input_Konektivitas!$D$3:$D$563,Input_Konektivitas!$A$3:$A$563,$A14,Input_Konektivitas!$B$3:$B$563,H$3)+SUMIFS(Input_Konektivitas!$D$3:$D$563,Input_Konektivitas!$A$3:$A$563,H$3,Input_Konektivitas!$B$3:$B$563,$A14)) -> 1.33 | I14: =IF((COUNTIFS(Input_Konektivitas!$A$3:$A$563,$A14,Input_Konektivitas!$B$3:$B$563,I$3,Input_Konektivitas!$D$3:$D$563,">0")+COUNTIFS(Input_Konektivitas!$A$3:$A$563,I$3,Input_Konektivitas!$B$3:$B$563,$A14,Input_Konektivitas!$D$3:$D$563,">0"))=0,"",SUMIFS(Input_Konektivitas!$D$3:$D$563,Input_Konektivitas!$A$3:$A$563,$A14,Input_Konektivitas!$B$3:$B$563,I$3)+SUMIFS(Input_Konektivitas!$D$3:$D$563,Input_Konektivitas!$A$3:$A$563,I$3,Input_Konektivitas!$B$3:$B$563,$A14)) -> 0.75 | ... K14: =IF((COUNTIFS(Input_Konektivitas!$A$3:$A$563,$A14,Input_Konektivitas!$B$3:$B$563,K$3,Input_Konektivitas!$D$3:$D$563,">0")+COUNTIFS(Input_Konektivitas!$A$3:$A$563,K$3,Input_Konektivitas!$B$3:$B$563,$A14,Input_Konektivitas!$D$3:$D$563,">0"))=0,"",SUMIFS(Input_Konektivitas!$D$3:$D$563,Input_Konektivitas!$A$3:$A$563,$A14,Input_Konektivitas!$B$3:$B$563,K$3)+SUMIFS(Input_Konektivitas!$D$3:$D$563,Input_Konektivitas!$A$3:$A$563,K$3,Input_Konektivitas!$B$3:$B$563,$A14)) -> 1.66667 | L14: 0 | M14: =IF((COUNTIFS(Input_Konektivitas!$A$3:$A$563,$A14,Input_Konektivitas!$B$3:$B$563,M$3,Input_Konektivitas!$D$3:$D$563,">0")+COUNTIFS(Input_Konektivitas!$A$3:$A$563,M$3,Input_Konektivitas!$B$3:$B$563,$A14,Input_Konektivitas!$D$3:$D$563,">0"))=0,"",SUMIFS(Input_Konektivitas!$D$3:$D$563,Input_Konektivitas!$A$3:$A$563,$A14,Input_Konektivitas!$B$3:$B$563,M$3)+SUMIFS(Input_Konektivitas!$D$3:$D$563,Input_Konektivitas!$A$3:$A$563,M$3,Input_Konektivitas!$B$3:$B$563,$A14)) -> 1.5 | N14: =IF((COUNTIFS(Input_Konektivitas!$A$3:$A$563,$A14,Input_Konektivitas!$B$3:$B$563,N$3,Input_Konektivitas!$D$3:$D$563,">0")+COUNTIFS(Input_Konektivitas!$A$3:$A$563,N$3,Input_Konektivitas!$B$3:$B$563,$A14,Input_Konektivitas!$D$3:$D$563,">0"))=0,"",SUMIFS(Input_Konektivitas!$D$3:$D$563,Input_Konektivitas!$A$3:$A$563,$A14,Input_Konektivitas!$B$3:$B$563,N$3)+SUMIFS(Input_Konektivitas!$D$3:$D$563,Input_Konektivitas!$A$3:$A$563,N$3,Input_Konektivitas!$B$3:$B$563,$A14)) -> 1.16 | O14: =IF((COUNTIFS(Input_Konektivitas!$A$3:$A$563,$A14,Input_Konektivitas!$B$3:$B$563,O$3,Input_Konektivitas!$D$3:$D$563,">0")+COUNTIFS(Input_Konektivitas!$A$3:$A$563,O$3,Input_Konektivitas!$B$3:$B$563,$A14,Input_Konektivitas!$D$3:$D$563,">0"))=0,"",SUMIFS(Input_Konektivitas!$D$3:$D$563,Input_Konektivitas!$A$3:$A$563,$A14,Input_Konektivitas!$B$3:$B$563,O$3)+SUMIFS(Input_Konektivitas!$D$3:$D$563,Input_Konektivitas!$A$3:$A$563,O$3,Input_Konektivitas!$B$3:$B$563,$A14)) -> 1.16 | P14: =IF((COUNTIFS(Input_Konektivitas!$A$3:$A$563,$A14,Input_Konektivitas!$B$3:$B$563,P$3,Input_Konektivitas!$D$3:$D$563,">0")+COUNTIFS(Input_Konektivitas!$A$3:$A$563,P$3,Input_Konektivitas!$B$3:$B$563,$A14,Input_Konektivitas!$D$3:$D$563,">0"))=0,"",SUMIFS(Input_Konektivitas!$D$3:$D$563,Input_Konektivitas!$A$3:$A$563,$A14,Input_Konektivitas!$B$3:$B$563,P$3)+SUMIFS(Input_Konektivitas!$D$3:$D$563,Input_Konektivitas!$A$3:$A$563,P$3,Input_Konektivitas!$B$3:$B$563,$A14)) -> 1.5 | Q14: =IF((COUNTIFS(Input_Konektivitas!$A$3:$A$563,$A14,Input_Konektivitas!$B$3:$B$563,Q$3,Input_Konektivitas!$D$3:$D$563,">0")+COUNTIFS(Input_Konektivitas!$A$3:$A$563,Q$3,Input_Konektivitas!$B$3:$B$563,$A14,Input_Konektivitas!$D$3:$D$563,">0"))=0,"",SUMIFS(Input_Konektivitas!$D$3:$D$563,Input_Konektivitas!$A$3:$A$563,$A14,Input_Konektivitas!$B$3:$B$563,Q$3)+SUMIFS(Input_Konektivitas!$D$3:$D$563,Input_Konektivitas!$A$3:$A$563,Q$3,Input_Konektivitas!$B$3:$B$563,$A14)) | R14: =IF((COUNTIFS(Input_Konektivitas!$A$3:$A$563,$A14,Input_Konektivitas!$B$3:$B$563,R$3,Input_Konektivitas!$D$3:$D$563,">0")+COUNTIFS(Input_Konektivitas!$A$3:$A$563,R$3,Input_Konektivitas!$B$3:$B$563,$A14,Input_Konektivitas!$D$3:$D$563,">0"))=0,"",SUMIFS(Input_Konektivitas!$D$3:$D$563,Input_Konektivitas!$A$3:$A$563,$A14,Input_Konektivitas!$B$3:$B$563,R$3)+SUMIFS(Input_Konektivitas!$D$3:$D$563,Input_Konektivitas!$A$3:$A$563,R$3,Input_Konektivitas!$B$3:$B$563,$A14)) -> 1.83 | S14: =IF((COUNTIFS(Input_Konektivitas!$A$3:$A$563,$A14,Input_Konektivitas!$B$3:$B$563,S$3,Input_Konektivitas!$D$3:$D$563,">0")+COUNTIFS(Input_Konektivitas!$A$3:$A$563,S$3,Input_Konektivitas!$B$3:$B$563,$A14,Input_Konektivitas!$D$3:$D$563,">0"))=0,"",SUMIFS(Input_Konektivitas!$D$3:$D$563,Input_Konektivitas!$A$3:$A$563,$A14,Input_Konektivitas!$B$3:$B$563,S$3)+SUMIFS(Input_Konektivitas!$D$3:$D$563,Input_Konektivitas!$A$3:$A$563,S$3,Input_Konektivitas!$B$3:$B$563,$A14)) -> 2 | T14: =IF((COUNTIFS(Input_Konektivitas!$A$3:$A$563,$A14,Input_Konektivitas!$B$3:$B$563,T$3,Input_Konektivitas!$D$3:$D$563,">0")+COUNTIFS(Input_Konektivitas!$A$3:$A$563,T$3,Input_Konektivitas!$B$3:$B$563,$A14,Input_Konektivitas!$D$3:$D$563,">0"))=0,"",SUMIFS(Input_Konektivitas!$D$3:$D$563,Input_Konektivitas!$A$3:$A$563,$A14,Input_Konektivitas!$B$3:$B$563,T$3)+SUMIFS(Input_Konektivitas!$D$3:$D$563,Input_Konektivitas!$A$3:$A$563,T$3,Input_Konektivitas!$B$3:$B$563,$A14)) -> 2.25 | ... AI14: =IF((COUNTIFS(Input_Konektivitas!$A$3:$A$563,$A14,Input_Konektivitas!$B$3:$B$563,AI$3,Input_Konektivitas!$D$3:$D$563,">0")+COUNTIFS(Input_Konektivitas!$A$3:$A$563,AI$3,Input_Konektivitas!$B$3:$B$563,$A14,Input_Konektivitas!$D$3:$D$563,">0"))=0,"",SUMIFS(Input_Konektivitas!$D$3:$D$563,Input_Konektivitas!$A$3:$A$563,$A14,Input_Konektivitas!$B$3:$B$563,AI$3)+SUMIFS(Input_Konektivitas!$D$3:$D$563,Input_Konektivitas!$A$3:$A$563,AI$3,Input_Konektivitas!$B$3:$B$563,$A14)) -> 5.33
A15: Jawa Barat | B15: =IF((COUNTIFS(Input_Konektivitas!$A$3:$A$563,$A15,Input_Konektivitas!$B$3:$B$563,B$3,Input_Konektivitas!$D$3:$D$563,">0")+COUNTIFS(Input_Konektivitas!$A$3:$A$563,B$3,Input_Konektivitas!$B$3:$B$563,$A15,Input_Konektivitas!$D$3:$D$563,">0"))=0,"",SUMIFS(Input_Konektivitas!$D$3:$D$563,Input_Konektivitas!$A$3:$A$563,$A15,Input_Konektivitas!$B$3:$B$563,B$3)+SUMIFS(Input_Konektivitas!$D$3:$D$563,Input_Konektivitas!$A$3:$A$563,B$3,Input_Konektivitas!$B$3:$B$563,$A15)) -> 20.75 | C15: =IF((COUNTIFS(Input_Konektivitas!$A$3:$A$563,$A15,Input_Konektivitas!$B$3:$B$563,C$3,Input_Konektivitas!$D$3:$D$563,">0")+COUNTIFS(Input_Konektivitas!$A$3:$A$563,C$3,Input_Konektivitas!$B$3:$B$563,$A15,Input_Konektivitas!$D$3:$D$563,">0"))=0,"",SUMIFS(Input_Konektivitas!$D$3:$D$563,Input_Konektivitas!$A$3:$A$563,$A15,Input_Konektivitas!$B$3:$B$563,C$3)+SUMIFS(Input_Konektivitas!$D$3:$D$563,Input_Konektivitas!$A$3:$A$563,C$3,Input_Konektivitas!$B$3:$B$563,$A15)) -> 2.667 | D15: =IF((COUNTIFS(Input_Konektivitas!$A$3:$A$563,$A15,Input_Konektivitas!$B$3:$B$563,D$3,Input_Konektivitas!$D$3:$D$563,">0")+COUNTIFS(Input_Konektivitas!$A$3:$A$563,D$3,Input_Konektivitas!$B$3:$B$563,$A15,Input_Konektivitas!$D$3:$D$563,">0"))=0,"",SUMIFS(Input_Konektivitas!$D$3:$D$563,Input_Konektivitas!$A$3:$A$563,$A15,Input_Konektivitas!$B$3:$B$563,D$3)+SUMIFS(Input_Konektivitas!$D$3:$D$563,Input_Konektivitas!$A$3:$A$563,D$3,Input_Konektivitas!$B$3:$B$563,$A15)) -> 19.167 | E15: =IF((COUNTIFS(Input_Konektivitas!$A$3:$A$563,$A15,Input_Konektivitas!$B$3:$B$563,E$3,Input_Konektivitas!$D$3:$D$563,">0")+COUNTIFS(Input_Konektivitas!$A$3:$A$563,E$3,Input_Konektivitas!$B$3:$B$563,$A15,Input_Konektivitas!$D$3:$D$563,">0"))=0,"",SUMIFS(Input_Konektivitas!$D$3:$D$563,Input_Konektivitas!$A$3:$A$563,$A15,Input_Konektivitas!$B$3:$B$563,E$3)+SUMIFS(Input_Konektivitas!$D$3:$D$563,Input_Konektivitas!$A$3:$A$563,E$3,Input_Konektivitas!$B$3:$B$563,$A15)) -> 6.33 | F15: =IF((COUNTIFS(Input_Konektivitas!$A$3:$A$563,$A15,Input_Konektivitas!$B$3:$B$563,F$3,Input_Konektivitas!$D$3:$D$563,">0")+COUNTIFS(Input_Konektivitas!$A$3:$A$563,F$3,Input_Konektivitas!$B$3:$B$563,$A15,Input_Konektivitas!$D$3:$D$563,">0"))=0,"",SUMIFS(Input_Konektivitas!$D$3:$D$563,Input_Konektivitas!$A$3:$A$563,$A15,Input_Konektivitas!$B$3:$B$563,F$3)+SUMIFS(Input_Konektivitas!$D$3:$D$563,Input_Konektivitas!$A$3:$A$563,F$3,Input_Konektivitas!$B$3:$B$563,$A15)) | G15: =IF((COUNTIFS(Input_Konektivitas!$A$3:$A$563,$A15,Input_Konektivitas!$B$3:$B$563,G$3,Input_Konektivitas!$D$3:$D$563,">0")+COUNTIFS(Input_Konektivitas!$A$3:$A$563,G$3,Input_Konektivitas!$B$3:$B$563,$A15,Input_Konektivitas!$D$3:$D$563,">0"))=0,"",SUMIFS(Input_Konektivitas!$D$3:$D$563,Input_Konektivitas!$A$3:$A$563,$A15,Input_Konektivitas!$B$3:$B$563,G$3)+SUMIFS(Input_Konektivitas!$D$3:$D$563,Input_Konektivitas!$A$3:$A$563,G$3,Input_Konektivitas!$B$3:$B$563,$A15)) -> 6.5 | H15: =IF((COUNTIFS(Input_Konektivitas!$A$3:$A$563,$A15,Input_Konektivitas!$B$3:$B$563,H$3,Input_Konektivitas!$D$3:$D$563,">0")+COUNTIFS(Input_Konektivitas!$A$3:$A$563,H$3,Input_Konektivitas!$B$3:$B$563,$A15,Input_Konektivitas!$D$3:$D$563,">0"))=0,"",SUMIFS(Input_Konektivitas!$D$3:$D$563,Input_Konektivitas!$A$3:$A$563,$A15,Input_Konektivitas!$B$3:$B$563,H$3)+SUMIFS(Input_Konektivitas!$D$3:$D$563,Input_Konektivitas!$A$3:$A$563,H$3,Input_Konektivitas!$B$3:$B$563,$A15)) | I15: =IF((COUNTIFS(Input_Konektivitas!$A$3:$A$563,$A15,Input_Konektivitas!$B$3:$B$563,I$3,Input_Konektivitas!$D$3:$D$563,">0")+COUNTIFS(Input_Konektivitas!$A$3:$A$563,I$3,Input_Konektivitas!$B$3:$B$563,$A15,Input_Konektivitas!$D$3:$D$563,">0"))=0,"",SUMIFS(Input_Konektivitas!$D$3:$D$563,Input_Konektivitas!$A$3:$A$563,$A15,Input_Konektivitas!$B$3:$B$563,I$3)+SUMIFS(Input_Konektivitas!$D$3:$D$563,Input_Konektivitas!$A$3:$A$563,I$3,Input_Konektivitas!$B$3:$B$563,$A15)) -> 22.25 | ... L15: =IF((COUNTIFS(Input_Konektivitas!$A$3:$A$563,$A15,Input_Konektivitas!$B$3:$B$563,L$3,Input_Konektivitas!$D$3:$D$563,">0")+COUNTIFS(Input_Konektivitas!$A$3:$A$563,L$3,Input_Konektivitas!$B$3:$B$563,$A15,Input_Konektivitas!$D$3:$D$563,">0"))=0,"",SUMIFS(Input_Konektivitas!$D$3:$D$563,Input_Konektivitas!$A$3:$A$563,$A15,Input_Konektivitas!$B$3:$B$563,L$3)+SUMIFS(Input_Konektivitas!$D$3:$D$563,Input_Konektivitas!$A$3:$A$563,L$3,Input_Konektivitas!$B$3:$B$563,$A15)) -> 1.5 | M15: 0 | N15: =IF((COUNTIFS(Input_Konektivitas!$A$3:$A$563,$A15,Input_Konektivitas!$B$3:$B$563,N$3,Input_Konektivitas!$D$3:$D$563,">0")+COUNTIFS(Input_Konektivitas!$A$3:$A$563,N$3,Input_Konektivitas!$B$3:$B$563,$A15,Input_Konektivitas!$D$3:$D$563,">0"))=0,"",SUMIFS(Input_Konektivitas!$D$3:$D$563,Input_Konektivitas!$A$3:$A$563,$A15,Input_Konektivitas!$B$3:$B$563,N$3)+SUMIFS(Input_Konektivitas!$D$3:$D$563,Input_Konektivitas!$A$3:$A$563,N$3,Input_Konektivitas!$B$3:$B$563,$A15)) | O15: =IF((COUNTIFS(Input_Konektivitas!$A$3:$A$563,$A15,Input_Konektivitas!$B$3:$B$563,O$3,Input_Konektivitas!$D$3:$D$563,">0")+COUNTIFS(Input_Konektivitas!$A$3:$A$563,O$3,Input_Konektivitas!$B$3:$B$563,$A15,Input_Konektivitas!$D$3:$D$563,">0"))=0,"",SUMIFS(Input_Konektivitas!$D$3:$D$563,Input_Konektivitas!$A$3:$A$563,$A15,Input_Konektivitas!$B$3:$B$563,O$3)+SUMIFS(Input_Konektivitas!$D$3:$D$563,Input_Konektivitas!$A$3:$A$563,O$3,Input_Konektivitas!$B$3:$B$563,$A15)) | P15: =IF((COUNTIFS(Input_Konektivitas!$A$3:$A$563,$A15,Input_Konektivitas!$B$3:$B$563,P$3,Input_Konektivitas!$D$3:$D$563,">0")+COUNTIFS(Input_Konektivitas!$A$3:$A$563,P$3,Input_Konektivitas!$B$3:$B$563,$A15,Input_Konektivitas!$D$3:$D$563,">0"))=0,"",SUMIFS(Input_Konektivitas!$D$3:$D$563,Input_Konektivitas!$A$3:$A$563,$A15,Input_Konektivitas!$B$3:$B$563,P$3)+SUMIFS(Input_Konektivitas!$D$3:$D$563,Input_Konektivitas!$A$3:$A$563,P$3,Input_Konektivitas!$B$3:$B$563,$A15)) -> 1.67 | Q15: =IF((COUNTIFS(Input_Konektivitas!$A$3:$A$563,$A15,Input_Konektivitas!$B$3:$B$563,Q$3,Input_Konektivitas!$D$3:$D$563,">0")+COUNTIFS(Input_Konektivitas!$A$3:$A$563,Q$3,Input_Konektivitas!$B$3:$B$563,$A15,Input_Konektivitas!$D$3:$D$563,">0"))=0,"",SUMIFS(Input_Konektivitas!$D$3:$D$563,Input_Konektivitas!$A$3:$A$563,$A15,Input_Konektivitas!$B$3:$B$563,Q$3)+SUMIFS(Input_Konektivitas!$D$3:$D$563,Input_Konektivitas!$A$3:$A$563,Q$3,Input_Konektivitas!$B$3:$B$563,$A15)) | R15: =IF((COUNTIFS(Input_Konektivitas!$A$3:$A$563,$A15,Input_Konektivitas!$B$3:$B$563,R$3,Input_Konektivitas!$D$3:$D$563,">0")+COUNTIFS(Input_Konektivitas!$A$3:$A$563,R$3,Input_Konektivitas!$B$3:$B$563,$A15,Input_Konektivitas!$D$3:$D$563,">0"))=0,"",SUMIFS(Input_Konektivitas!$D$3:$D$563,Input_Konektivitas!$A$3:$A$563,$A15,Input_Konektivitas!$B$3:$B$563,R$3)+SUMIFS(Input_Konektivitas!$D$3:$D$563,Input_Konektivitas!$A$3:$A$563,R$3,Input_Konektivitas!$B$3:$B$563,$A15)) -> 1.75 | S15: =IF((COUNTIFS(Input_Konektivitas!$A$3:$A$563,$A15,Input_Konektivitas!$B$3:$B$563,S$3,Input_Konektivitas!$D$3:$D$563,">0")+COUNTIFS(Input_Konektivitas!$A$3:$A$563,S$3,Input_Konektivitas!$B$3:$B$563,$A15,Input_Konektivitas!$D$3:$D$563,">0"))=0,"",SUMIFS(Input_Konektivitas!$D$3:$D$563,Input_Konektivitas!$A$3:$A$563,$A15,Input_Konektivitas!$B$3:$B$563,S$3)+SUMIFS(Input_Konektivitas!$D$3:$D$563,Input_Konektivitas!$A$3:$A$563,S$3,Input_Konektivitas!$B$3:$B$563,$A15)) -> 5.47 | T15: =IF((COUNTIFS(Input_Konektivitas!$A$3:$A$563,$A15,Input_Konektivitas!$B$3:$B$563,T$3,Input_Konektivitas!$D$3:$D$563,">0")+COUNTIFS(Input_Konektivitas!$A$3:$A$563,T$3,Input_Konektivitas!$B$3:$B$563,$A15,Input_Konektivitas!$D$3:$D$563,">0"))=0,"",SUMIFS(Input_Konektivitas!$D$3:$D$563,Input_Konektivitas!$A$3:$A$563,$A15,Input_Konektivitas!$B$3:$B$563,T$3)+SUMIFS(Input_Konektivitas!$D$3:$D$563,Input_Konektivitas!$A$3:$A$563,T$3,Input_Konektivitas!$B$3:$B$563,$A15)) -> 6 | U15: =IF((COUNTIFS(Input_Konektivitas!$A$3:$A$563,$A15,Input_Konektivitas!$B$3:$B$563,U$3,Input_Konektivitas!$D$3:$D$563,">0")+COUNTIFS(Input_Konektivitas!$A$3:$A$563,U$3,Input_Konektivitas!$B$3:$B$563,$A15,Input_Konektivitas!$D$3:$D$563,">0"))=0,"",SUMIFS(Input_Konektivitas!$D$3:$D$563,Input_Konektivitas!$A$3:$A$563,$A15,Input_Konektivitas!$B$3:$B$563,U$3)+SUMIFS(Input_Konektivitas!$D$3:$D$563,Input_Konektivitas!$A$3:$A$563,U$3,Input_Konektivitas!$B$3:$B$563,$A15)) -> 18.75 | ... AI15: =IF((COUNTIFS(Input_Konektivitas!$A$3:$A$563,$A15,Input_Konektivitas!$B$3:$B$563,AI$3,Input_Konektivitas!$D$3:$D$563,">0")+COUNTIFS(Input_Konektivitas!$A$3:$A$563,AI$3,Input_Konektivitas!$B$3:$B$563,$A15,Input_Konektivitas!$D$3:$D$563,">0"))=0,"",SUMIFS(Input_Konektivitas!$D$3:$D$563,Input_Konektivitas!$A$3:$A$563,$A15,Input_Konektivitas!$B$3:$B$563,AI$3)+SUMIFS(Input_Konektivitas!$D$3:$D$563,Input_Konektivitas!$A$3:$A$563,AI$3,Input_Konektivitas!$B$3:$B$563,$A15)) -> 13.25
A16: Jawa Tengah | B16: =IF((COUNTIFS(Input_Konektivitas!$A$3:$A$563,$A16,Input_Konektivitas!$B$3:$B$563,B$3,Input_Konektivitas!$D$3:$D$563,">0")+COUNTIFS(Input_Konektivitas!$A$3:$A$563,B$3,Input_Konektivitas!$B$3:$B$563,$A16,Input_Konektivitas!$D$3:$D$563,">0"))=0,"",SUMIFS(Input_Konektivitas!$D$3:$D$563,Input_Konektivitas!$A$3:$A$563,$A16,Input_Konektivitas!$B$3:$B$563,B$3)+SUMIFS(Input_Konektivitas!$D$3:$D$563,Input_Konektivitas!$A$3:$A$563,B$3,Input_Konektivitas!$B$3:$B$563,$A16)) -> 5.08333 | C16: =IF((COUNTIFS(Input_Konektivitas!$A$3:$A$563,$A16,Input_Konektivitas!$B$3:$B$563,C$3,Input_Konektivitas!$D$3:$D$563,">0")+COUNTIFS(Input_Konektivitas!$A$3:$A$563,C$3,Input_Konektivitas!$B$3:$B$563,$A16,Input_Konektivitas!$D$3:$D$563,">0"))=0,"",SUMIFS(Input_Konektivitas!$D$3:$D$563,Input_Konektivitas!$A$3:$A$563,$A16,Input_Konektivitas!$B$3:$B$563,C$3)+SUMIFS(Input_Konektivitas!$D$3:$D$563,Input_Konektivitas!$A$3:$A$563,C$3,Input_Konektivitas!$B$3:$B$563,$A16)) -> 5 | D16: =IF((COUNTIFS(Input_Konektivitas!$A$3:$A$563,$A16,Input_Konektivitas!$B$3:$B$563,D$3,Input_Konektivitas!$D$3:$D$563,">0")+COUNTIFS(Input_Konektivitas!$A$3:$A$563,D$3,Input_Konektivitas!$B$3:$B$563,$A16,Input_Konektivitas!$D$3:$D$563,">0"))=0,"",SUMIFS(Input_Konektivitas!$D$3:$D$563,Input_Konektivitas!$A$3:$A$563,$A16,Input_Konektivitas!$B$3:$B$563,D$3)+SUMIFS(Input_Konektivitas!$D$3:$D$563,Input_Konektivitas!$A$3:$A$563,D$3,Input_Konektivitas!$B$3:$B$563,$A16)) -> 3.833 | E16: =IF((COUNTIFS(Input_Konektivitas!$A$3:$A$563,$A16,Input_Konektivitas!$B$3:$B$563,E$3,Input_Konektivitas!$D$3:$D$563,">0")+COUNTIFS(Input_Konektivitas!$A$3:$A$563,E$3,Input_Konektivitas!$B$3:$B$563,$A16,Input_Konektivitas!$D$3:$D$563,">0"))=0,"",SUMIFS(Input_Konektivitas!$D$3:$D$563,Input_Konektivitas!$A$3:$A$563,$A16,Input_Konektivitas!$B$3:$B$563,E$3)+SUMIFS(Input_Konektivitas!$D$3:$D$563,Input_Konektivitas!$A$3:$A$563,E$3,Input_Konektivitas!$B$3:$B$563,$A16)) -> 4.92 | F16: =IF((COUNTIFS(Input_Konektivitas!$A$3:$A$563,$A16,Input_Konektivitas!$B$3:$B$563,F$3,Input_Konektivitas!$D$3:$D$563,">0")+COUNTIFS(Input_Konektivitas!$A$3:$A$563,F$3,Input_Konektivitas!$B$3:$B$563,$A16,Input_Konektivitas!$D$3:$D$563,">0"))=0,"",SUMIFS(Input_Konektivitas!$D$3:$D$563,Input_Konektivitas!$A$3:$A$563,$A16,Input_Konektivitas!$B$3:$B$563,F$3)+SUMIFS(Input_Konektivitas!$D$3:$D$563,Input_Konektivitas!$A$3:$A$563,F$3,Input_Konektivitas!$B$3:$B$563,$A16)) -> 3.167 | G16: =IF((COUNTIFS(Input_Konektivitas!$A$3:$A$563,$A16,Input_Konektivitas!$B$3:$B$563,G$3,Input_Konektivitas!$D$3:$D$563,">0")+COUNTIFS(Input_Konektivitas!$A$3:$A$563,G$3,Input_Konektivitas!$B$3:$B$563,$A16,Input_Konektivitas!$D$3:$D$563,">0"))=0,"",SUMIFS(Input_Konektivitas!$D$3:$D$563,Input_Konektivitas!$A$3:$A$563,$A16,Input_Konektivitas!$B$3:$B$563,G$3)+SUMIFS(Input_Konektivitas!$D$3:$D$563,Input_Konektivitas!$A$3:$A$563,G$3,Input_Konektivitas!$B$3:$B$563,$A16)) -> 3 | H16: =IF((COUNTIFS(Input_Konektivitas!$A$3:$A$563,$A16,Input_Konektivitas!$B$3:$B$563,H$3,Input_Konektivitas!$D$3:$D$563,">0")+COUNTIFS(Input_Konektivitas!$A$3:$A$563,H$3,Input_Konektivitas!$B$3:$B$563,$A16,Input_Konektivitas!$D$3:$D$563,">0"))=0,"",SUMIFS(Input_Konektivitas!$D$3:$D$563,Input_Konektivitas!$A$3:$A$563,$A16,Input_Konektivitas!$B$3:$B$563,H$3)+SUMIFS(Input_Konektivitas!$D$3:$D$563,Input_Konektivitas!$A$3:$A$563,H$3,Input_Konektivitas!$B$3:$B$563,$A16)) -> 3.33 | I16: =IF((COUNTIFS(Input_Konektivitas!$A$3:$A$563,$A16,Input_Konektivitas!$B$3:$B$563,I$3,Input_Konektivitas!$D$3:$D$563,">0")+COUNTIFS(Input_Konektivitas!$A$3:$A$563,I$3,Input_Konektivitas!$B$3:$B$563,$A16,Input_Konektivitas!$D$3:$D$563,">0"))=0,"",SUMIFS(Input_Konektivitas!$D$3:$D$563,Input_Konektivitas!$A$3:$A$563,$A16,Input_Konektivitas!$B$3:$B$563,I$3)+SUMIFS(Input_Konektivitas!$D$3:$D$563,Input_Konektivitas!$A$3:$A$563,I$3,Input_Konektivitas!$B$3:$B$563,$A16)) -> 4.33 | ... M16: =IF((COUNTIFS(Input_Konektivitas!$A$3:$A$563,$A16,Input_Konektivitas!$B$3:$B$563,M$3,Input_Konektivitas!$D$3:$D$563,">0")+COUNTIFS(Input_Konektivitas!$A$3:$A$563,M$3,Input_Konektivitas!$B$3:$B$563,$A16,Input_Konektivitas!$D$3:$D$563,">0"))=0,"",SUMIFS(Input_Konektivitas!$D$3:$D$563,Input_Konektivitas!$A$3:$A$563,$A16,Input_Konektivitas!$B$3:$B$563,M$3)+SUMIFS(Input_Konektivitas!$D$3:$D$563,Input_Konektivitas!$A$3:$A$563,M$3,Input_Konektivitas!$B$3:$B$563,$A16)) | N16: 0 | O16: =IF((COUNTIFS(Input_Konektivitas!$A$3:$A$563,$A16,Input_Konektivitas!$B$3:$B$563,O$3,Input_Konektivitas!$D$3:$D$563,">0")+COUNTIFS(Input_Konektivitas!$A$3:$A$563,O$3,Input_Konektivitas!$B$3:$B$563,$A16,Input_Konektivitas!$D$3:$D$563,">0"))=0,"",SUMIFS(Input_Konektivitas!$D$3:$D$563,Input_Konektivitas!$A$3:$A$563,$A16,Input_Konektivitas!$B$3:$B$563,O$3)+SUMIFS(Input_Konektivitas!$D$3:$D$563,Input_Konektivitas!$A$3:$A$563,O$3,Input_Konektivitas!$B$3:$B$563,$A16)) -> 3.5 | P16: =IF((COUNTIFS(Input_Konektivitas!$A$3:$A$563,$A16,Input_Konektivitas!$B$3:$B$563,P$3,Input_Konektivitas!$D$3:$D$563,">0")+COUNTIFS(Input_Konektivitas!$A$3:$A$563,P$3,Input_Konektivitas!$B$3:$B$563,$A16,Input_Konektivitas!$D$3:$D$563,">0"))=0,"",SUMIFS(Input_Konektivitas!$D$3:$D$563,Input_Konektivitas!$A$3:$A$563,$A16,Input_Konektivitas!$B$3:$B$563,P$3)+SUMIFS(Input_Konektivitas!$D$3:$D$563,Input_Konektivitas!$A$3:$A$563,P$3,Input_Konektivitas!$B$3:$B$563,$A16)) -> 1.17 | Q16: =IF((COUNTIFS(Input_Konektivitas!$A$3:$A$563,$A16,Input_Konektivitas!$B$3:$B$563,Q$3,Input_Konektivitas!$D$3:$D$563,">0")+COUNTIFS(Input_Konektivitas!$A$3:$A$563,Q$3,Input_Konektivitas!$B$3:$B$563,$A16,Input_Konektivitas!$D$3:$D$563,">0"))=0,"",SUMIFS(Input_Konektivitas!$D$3:$D$563,Input_Konektivitas!$A$3:$A$563,$A16,Input_Konektivitas!$B$3:$B$563,Q$3)+SUMIFS(Input_Konektivitas!$D$3:$D$563,Input_Konektivitas!$A$3:$A$563,Q$3,Input_Konektivitas!$B$3:$B$563,$A16)) | R16: =IF((COUNTIFS(Input_Konektivitas!$A$3:$A$563,$A16,Input_Konektivitas!$B$3:$B$563,R$3,Input_Konektivitas!$D$3:$D$563,">0")+COUNTIFS(Input_Konektivitas!$A$3:$A$563,R$3,Input_Konektivitas!$B$3:$B$563,$A16,Input_Konektivitas!$D$3:$D$563,">0"))=0,"",SUMIFS(Input_Konektivitas!$D$3:$D$563,Input_Konektivitas!$A$3:$A$563,$A16,Input_Konektivitas!$B$3:$B$563,R$3)+SUMIFS(Input_Konektivitas!$D$3:$D$563,Input_Konektivitas!$A$3:$A$563,R$3,Input_Konektivitas!$B$3:$B$563,$A16)) -> 1.25 | S16: =IF((COUNTIFS(Input_Konektivitas!$A$3:$A$563,$A16,Input_Konektivitas!$B$3:$B$563,S$3,Input_Konektivitas!$D$3:$D$563,">0")+COUNTIFS(Input_Konektivitas!$A$3:$A$563,S$3,Input_Konektivitas!$B$3:$B$563,$A16,Input_Konektivitas!$D$3:$D$563,">0"))=0,"",SUMIFS(Input_Konektivitas!$D$3:$D$563,Input_Konektivitas!$A$3:$A$563,$A16,Input_Konektivitas!$B$3:$B$563,S$3)+SUMIFS(Input_Konektivitas!$D$3:$D$563,Input_Konektivitas!$A$3:$A$563,S$3,Input_Konektivitas!$B$3:$B$563,$A16)) -> 3.83 | T16: =IF((COUNTIFS(Input_Konektivitas!$A$3:$A$563,$A16,Input_Konektivitas!$B$3:$B$563,T$3,Input_Konektivitas!$D$3:$D$563,">0")+COUNTIFS(Input_Konektivitas!$A$3:$A$563,T$3,Input_Konektivitas!$B$3:$B$563,$A16,Input_Konektivitas!$D$3:$D$563,">0"))=0,"",SUMIFS(Input_Konektivitas!$D$3:$D$563,Input_Konektivitas!$A$3:$A$563,$A16,Input_Konektivitas!$B$3:$B$563,T$3)+SUMIFS(Input_Konektivitas!$D$3:$D$563,Input_Konektivitas!$A$3:$A$563,T$3,Input_Konektivitas!$B$3:$B$563,$A16)) -> 4.83 | U16: =IF((COUNTIFS(Input_Konektivitas!$A$3:$A$563,$A16,Input_Konektivitas!$B$3:$B$563,U$3,Input_Konektivitas!$D$3:$D$563,">0")+COUNTIFS(Input_Konektivitas!$A$3:$A$563,U$3,Input_Konektivitas!$B$3:$B$563,$A16,Input_Konektivitas!$D$3:$D$563,">0"))=0,"",SUMIFS(Input_Konektivitas!$D$3:$D$563,Input_Konektivitas!$A$3:$A$563,$A16,Input_Konektivitas!$B$3:$B$563,U$3)+SUMIFS(Input_Konektivitas!$D$3:$D$563,Input_Konektivitas!$A$3:$A$563,U$3,Input_Konektivitas!$B$3:$B$563,$A16)) -> 1.5 | V16: =IF((COUNTIFS(Input_Konektivitas!$A$3:$A$563,$A16,Input_Konektivitas!$B$3:$B$563,V$3,Input_Konektivitas!$D$3:$D$563,">0")+COUNTIFS(Input_Konektivitas!$A$3:$A$563,V$3,Input_Konektivitas!$B$3:$B$563,$A16,Input_Konektivitas!$D$3:$D$563,">0"))=0,"",SUMIFS(Input_Konektivitas!$D$3:$D$563,Input_Konektivitas!$A$3:$A$563,$A16,Input_Konektivitas!$B$3:$B$563,V$3)+SUMIFS(Input_Konektivitas!$D$3:$D$563,Input_Konektivitas!$A$3:$A$563,V$3,Input_Konektivitas!$B$3:$B$563,$A16)) -> 1.33 | ... AI16: =IF((COUNTIFS(Input_Konektivitas!$A$3:$A$563,$A16,Input_Konektivitas!$B$3:$B$563,AI$3,Input_Konektivitas!$D$3:$D$563,">0")+COUNTIFS(Input_Konektivitas!$A$3:$A$563,AI$3,Input_Konektivitas!$B$3:$B$563,$A16,Input_Konektivitas!$D$3:$D$563,">0"))=0,"",SUMIFS(Input_Konektivitas!$D$3:$D$563,Input_Konektivitas!$A$3:$A$563,$A16,Input_Konektivitas!$B$3:$B$563,AI$3)+SUMIFS(Input_Konektivitas!$D$3:$D$563,Input_Konektivitas!$A$3:$A$563,AI$3,Input_Konektivitas!$B$3:$B$563,$A16)) -> 9.83
A17: DI Yogyakarta | B17: =IF((COUNTIFS(Input_Konektivitas!$A$3:$A$563,$A17,Input_Konektivitas!$B$3:$B$563,B$3,Input_Konektivitas!$D$3:$D$563,">0")+COUNTIFS(Input_Konektivitas!$A$3:$A$563,B$3,Input_Konektivitas!$B$3:$B$563,$A17,Input_Konektivitas!$D$3:$D$563,">0"))=0,"",SUMIFS(Input_Konektivitas!$D$3:$D$563,Input_Konektivitas!$A$3:$A$563,$A17,Input_Konektivitas!$B$3:$B$563,B$3)+SUMIFS(Input_Konektivitas!$D$3:$D$563,Input_Konektivitas!$A$3:$A$563,B$3,Input_Konektivitas!$B$3:$B$563,$A17)) -> 5.16667 | C17: =IF((COUNTIFS(Input_Konektivitas!$A$3:$A$563,$A17,Input_Konektivitas!$B$3:$B$563,C$3,Input_Konektivitas!$D$3:$D$563,">0")+COUNTIFS(Input_Konektivitas!$A$3:$A$563,C$3,Input_Konektivitas!$B$3:$B$563,$A17,Input_Konektivitas!$D$3:$D$563,">0"))=0,"",SUMIFS(Input_Konektivitas!$D$3:$D$563,Input_Konektivitas!$A$3:$A$563,$A17,Input_Konektivitas!$B$3:$B$563,C$3)+SUMIFS(Input_Konektivitas!$D$3:$D$563,Input_Konektivitas!$A$3:$A$563,C$3,Input_Konektivitas!$B$3:$B$563,$A17)) -> 2.83 | D17: =IF((COUNTIFS(Input_Konektivitas!$A$3:$A$563,$A17,Input_Konektivitas!$B$3:$B$563,D$3,Input_Konektivitas!$D$3:$D$563,">0")+COUNTIFS(Input_Konektivitas!$A$3:$A$563,D$3,Input_Konektivitas!$B$3:$B$563,$A17,Input_Konektivitas!$D$3:$D$563,">0"))=0,"",SUMIFS(Input_Konektivitas!$D$3:$D$563,Input_Konektivitas!$A$3:$A$563,$A17,Input_Konektivitas!$B$3:$B$563,D$3)+SUMIFS(Input_Konektivitas!$D$3:$D$563,Input_Konektivitas!$A$3:$A$563,D$3,Input_Konektivitas!$B$3:$B$563,$A17)) -> 2.25 | E17: =IF((COUNTIFS(Input_Konektivitas!$A$3:$A$563,$A17,Input_Konektivitas!$B$3:$B$563,E$3,Input_Konektivitas!$D$3:$D$563,">0")+COUNTIFS(Input_Konektivitas!$A$3:$A$563,E$3,Input_Konektivitas!$B$3:$B$563,$A17,Input_Konektivitas!$D$3:$D$563,">0"))=0,"",SUMIFS(Input_Konektivitas!$D$3:$D$563,Input_Konektivitas!$A$3:$A$563,$A17,Input_Konektivitas!$B$3:$B$563,E$3)+SUMIFS(Input_Konektivitas!$D$3:$D$563,Input_Konektivitas!$A$3:$A$563,E$3,Input_Konektivitas!$B$3:$B$563,$A17)) -> 5 | F17: =IF((COUNTIFS(Input_Konektivitas!$A$3:$A$563,$A17,Input_Konektivitas!$B$3:$B$563,F$3,Input_Konektivitas!$D$3:$D$563,">0")+COUNTIFS(Input_Konektivitas!$A$3:$A$563,F$3,Input_Konektivitas!$B$3:$B$563,$A17,Input_Konektivitas!$D$3:$D$563,">0"))=0,"",SUMIFS(Input_Konektivitas!$D$3:$D$563,Input_Konektivitas!$A$3:$A$563,$A17,Input_Konektivitas!$B$3:$B$563,F$3)+SUMIFS(Input_Konektivitas!$D$3:$D$563,Input_Konektivitas!$A$3:$A$563,F$3,Input_Konektivitas!$B$3:$B$563,$A17)) -> 4.83 | G17: =IF((COUNTIFS(Input_Konektivitas!$A$3:$A$563,$A17,Input_Konektivitas!$B$3:$B$563,G$3,Input_Konektivitas!$D$3:$D$563,">0")+COUNTIFS(Input_Konektivitas!$A$3:$A$563,G$3,Input_Konektivitas!$B$3:$B$563,$A17,Input_Konektivitas!$D$3:$D$563,">0"))=0,"",SUMIFS(Input_Konektivitas!$D$3:$D$563,Input_Konektivitas!$A$3:$A$563,$A17,Input_Konektivitas!$B$3:$B$563,G$3)+SUMIFS(Input_Konektivitas!$D$3:$D$563,Input_Konektivitas!$A$3:$A$563,G$3,Input_Konektivitas!$B$3:$B$563,$A17)) -> 1.58 | H17: =IF((COUNTIFS(Input_Konektivitas!$A$3:$A$563,$A17,Input_Konektivitas!$B$3:$B$563,H$3,Input_Konektivitas!$D$3:$D$563,">0")+COUNTIFS(Input_Konektivitas!$A$3:$A$563,H$3,Input_Konektivitas!$B$3:$B$563,$A17,Input_Konektivitas!$D$3:$D$563,">0"))=0,"",SUMIFS(Input_Konektivitas!$D$3:$D$563,Input_Konektivitas!$A$3:$A$563,$A17,Input_Konektivitas!$B$3:$B$563,H$3)+SUMIFS(Input_Konektivitas!$D$3:$D$563,Input_Konektivitas!$A$3:$A$563,H$3,Input_Konektivitas!$B$3:$B$563,$A17)) -> 3.67 | I17: =IF((COUNTIFS(Input_Konektivitas!$A$3:$A$563,$A17,Input_Konektivitas!$B$3:$B$563,I$3,Input_Konektivitas!$D$3:$D$563,">0")+COUNTIFS(Input_Konektivitas!$A$3:$A$563,I$3,Input_Konektivitas!$B$3:$B$563,$A17,Input_Konektivitas!$D$3:$D$563,">0"))=0,"",SUMIFS(Input_Konektivitas!$D$3:$D$563,Input_Konektivitas!$A$3:$A$563,$A17,Input_Konektivitas!$B$3:$B$563,I$3)+SUMIFS(Input_Konektivitas!$D$3:$D$563,Input_Konektivitas!$A$3:$A$563,I$3,Input_Konektivitas!$B$3:$B$563,$A17)) -> 2.92 | ... N17: =IF((COUNTIFS(Input_Konektivitas!$A$3:$A$563,$A17,Input_Konektivitas!$B$3:$B$563,N$3,Input_Konektivitas!$D$3:$D$563,">0")+COUNTIFS(Input_Konektivitas!$A$3:$A$563,N$3,Input_Konektivitas!$B$3:$B$563,$A17,Input_Konektivitas!$D$3:$D$563,">0"))=0,"",SUMIFS(Input_Konektivitas!$D$3:$D$563,Input_Konektivitas!$A$3:$A$563,$A17,Input_Konektivitas!$B$3:$B$563,N$3)+SUMIFS(Input_Konektivitas!$D$3:$D$563,Input_Konektivitas!$A$3:$A$563,N$3,Input_Konektivitas!$B$3:$B$563,$A17)) -> 3.5 | O17: 0 | P17: =IF((COUNTIFS(Input_Konektivitas!$A$3:$A$563,$A17,Input_Konektivitas!$B$3:$B$563,P$3,Input_Konektivitas!$D$3:$D$563,">0")+COUNTIFS(Input_Konektivitas!$A$3:$A$563,P$3,Input_Konektivitas!$B$3:$B$563,$A17,Input_Konektivitas!$D$3:$D$563,">0"))=0,"",SUMIFS(Input_Konektivitas!$D$3:$D$563,Input_Konektivitas!$A$3:$A$563,$A17,Input_Konektivitas!$B$3:$B$563,P$3)+SUMIFS(Input_Konektivitas!$D$3:$D$563,Input_Konektivitas!$A$3:$A$563,P$3,Input_Konektivitas!$B$3:$B$563,$A17)) -> 3.5 | Q17: =IF((COUNTIFS(Input_Konektivitas!$A$3:$A$563,$A17,Input_Konektivitas!$B$3:$B$563,Q$3,Input_Konektivitas!$D$3:$D$563,">0")+COUNTIFS(Input_Konektivitas!$A$3:$A$563,Q$3,Input_Konektivitas!$B$3:$B$563,$A17,Input_Konektivitas!$D$3:$D$563,">0"))=0,"",SUMIFS(Input_Konektivitas!$D$3:$D$563,Input_Konektivitas!$A$3:$A$563,$A17,Input_Konektivitas!$B$3:$B$563,Q$3)+SUMIFS(Input_Konektivitas!$D$3:$D$563,Input_Konektivitas!$A$3:$A$563,Q$3,Input_Konektivitas!$B$3:$B$563,$A17)) | R17: =IF((COUNTIFS(Input_Konektivitas!$A$3:$A$563,$A17,Input_Konektivitas!$B$3:$B$563,R$3,Input_Konektivitas!$D$3:$D$563,">0")+COUNTIFS(Input_Konektivitas!$A$3:$A$563,R$3,Input_Konektivitas!$B$3:$B$563,$A17,Input_Konektivitas!$D$3:$D$563,">0"))=0,"",SUMIFS(Input_Konektivitas!$D$3:$D$563,Input_Konektivitas!$A$3:$A$563,$A17,Input_Konektivitas!$B$3:$B$563,R$3)+SUMIFS(Input_Konektivitas!$D$3:$D$563,Input_Konektivitas!$A$3:$A$563,R$3,Input_Konektivitas!$B$3:$B$563,$A17)) -> 1.42 | S17: =IF((COUNTIFS(Input_Konektivitas!$A$3:$A$563,$A17,Input_Konektivitas!$B$3:$B$563,S$3,Input_Konektivitas!$D$3:$D$563,">0")+COUNTIFS(Input_Konektivitas!$A$3:$A$563,S$3,Input_Konektivitas!$B$3:$B$563,$A17,Input_Konektivitas!$D$3:$D$563,">0"))=0,"",SUMIFS(Input_Konektivitas!$D$3:$D$563,Input_Konektivitas!$A$3:$A$563,$A17,Input_Konektivitas!$B$3:$B$563,S$3)+SUMIFS(Input_Konektivitas!$D$3:$D$563,Input_Konektivitas!$A$3:$A$563,S$3,Input_Konektivitas!$B$3:$B$563,$A17)) -> 1.5 | T17: =IF((COUNTIFS(Input_Konektivitas!$A$3:$A$563,$A17,Input_Konektivitas!$B$3:$B$563,T$3,Input_Konektivitas!$D$3:$D$563,">0")+COUNTIFS(Input_Konektivitas!$A$3:$A$563,T$3,Input_Konektivitas!$B$3:$B$563,$A17,Input_Konektivitas!$D$3:$D$563,">0"))=0,"",SUMIFS(Input_Konektivitas!$D$3:$D$563,Input_Konektivitas!$A$3:$A$563,$A17,Input_Konektivitas!$B$3:$B$563,T$3)+SUMIFS(Input_Konektivitas!$D$3:$D$563,Input_Konektivitas!$A$3:$A$563,T$3,Input_Konektivitas!$B$3:$B$563,$A17)) -> 4.92 | U17: =IF((COUNTIFS(Input_Konektivitas!$A$3:$A$563,$A17,Input_Konektivitas!$B$3:$B$563,U$3,Input_Konektivitas!$D$3:$D$563,">0")+COUNTIFS(Input_Konektivitas!$A$3:$A$563,U$3,Input_Konektivitas!$B$3:$B$563,$A17,Input_Konektivitas!$D$3:$D$563,">0"))=0,"",SUMIFS(Input_Konektivitas!$D$3:$D$563,Input_Konektivitas!$A$3:$A$563,$A17,Input_Konektivitas!$B$3:$B$563,U$3)+SUMIFS(Input_Konektivitas!$D$3:$D$563,Input_Konektivitas!$A$3:$A$563,U$3,Input_Konektivitas!$B$3:$B$563,$A17)) -> 1.83 | V17: =IF((COUNTIFS(Input_Konektivitas!$A$3:$A$563,$A17,Input_Konektivitas!$B$3:$B$563,V$3,Input_Konektivitas!$D$3:$D$563,">0")+COUNTIFS(Input_Konektivitas!$A$3:$A$563,V$3,Input_Konektivitas!$B$3:$B$563,$A17,Input_Konektivitas!$D$3:$D$563,">0"))=0,"",SUMIFS(Input_Konektivitas!$D$3:$D$563,Input_Konektivitas!$A$3:$A$563,$A17,Input_Konektivitas!$B$3:$B$563,V$3)+SUMIFS(Input_Konektivitas!$D$3:$D$563,Input_Konektivitas!$A$3:$A$563,V$3,Input_Konektivitas!$B$3:$B$563,$A17)) -> 1.583 | W17: =IF((COUNTIFS(Input_Konektivitas!$A$3:$A$563,$A17,Input_Konektivitas!$B$3:$B$563,W$3,Input_Konektivitas!$D$3:$D$563,">0")+COUNTIFS(Input_Konektivitas!$A$3:$A$563,W$3,Input_Konektivitas!$B$3:$B$563,$A17,Input_Konektivitas!$D$3:$D$563,">0"))=0,"",SUMIFS(Input_Konektivitas!$D$3:$D$563,Input_Konektivitas!$A$3:$A$563,$A17,Input_Konektivitas!$B$3:$B$563,W$3)+SUMIFS(Input_Konektivitas!$D$3:$D$563,Input_Konektivitas!$A$3:$A$563,W$3,Input_Konektivitas!$B$3:$B$563,$A17)) -> 1.5 | ... AI17: =IF((COUNTIFS(Input_Konektivitas!$A$3:$A$563,$A17,Input_Konektivitas!$B$3:$B$563,AI$3,Input_Konektivitas!$D$3:$D$563,">0")+COUNTIFS(Input_Konektivitas!$A$3:$A$563,AI$3,Input_Konektivitas!$B$3:$B$563,$A17,Input_Konektivitas!$D$3:$D$563,">0"))=0,"",SUMIFS(Input_Konektivitas!$D$3:$D$563,Input_Konektivitas!$A$3:$A$563,$A17,Input_Konektivitas!$B$3:$B$563,AI$3)+SUMIFS(Input_Konektivitas!$D$3:$D$563,Input_Konektivitas!$A$3:$A$563,AI$3,Input_Konektivitas!$B$3:$B$563,$A17)) -> 8.083
A18: Jawa Timur | B18: =IF((COUNTIFS(Input_Konektivitas!$A$3:$A$563,$A18,Input_Konektivitas!$B$3:$B$563,B$3,Input_Konektivitas!$D$3:$D$563,">0")+COUNTIFS(Input_Konektivitas!$A$3:$A$563,B$3,Input_Konektivitas!$B$3:$B$563,$A18,Input_Konektivitas!$D$3:$D$563,">0"))=0,"",SUMIFS(Input_Konektivitas!$D$3:$D$563,Input_Konektivitas!$A$3:$A$563,$A18,Input_Konektivitas!$B$3:$B$563,B$3)+SUMIFS(Input_Konektivitas!$D$3:$D$563,Input_Konektivitas!$A$3:$A$563,B$3,Input_Konektivitas!$B$3:$B$563,$A18)) -> 5.9167 | C18: =IF((COUNTIFS(Input_Konektivitas!$A$3:$A$563,$A18,Input_Konektivitas!$B$3:$B$563,C$3,Input_Konektivitas!$D$3:$D$563,">0")+COUNTIFS(Input_Konektivitas!$A$3:$A$563,C$3,Input_Konektivitas!$B$3:$B$563,$A18,Input_Konektivitas!$D$3:$D$563,">0"))=0,"",SUMIFS(Input_Konektivitas!$D$3:$D$563,Input_Konektivitas!$A$3:$A$563,$A18,Input_Konektivitas!$B$3:$B$563,C$3)+SUMIFS(Input_Konektivitas!$D$3:$D$563,Input_Konektivitas!$A$3:$A$563,C$3,Input_Konektivitas!$B$3:$B$563,$A18)) -> 3.17 | D18: =IF((COUNTIFS(Input_Konektivitas!$A$3:$A$563,$A18,Input_Konektivitas!$B$3:$B$563,D$3,Input_Konektivitas!$D$3:$D$563,">0")+COUNTIFS(Input_Konektivitas!$A$3:$A$563,D$3,Input_Konektivitas!$B$3:$B$563,$A18,Input_Konektivitas!$D$3:$D$563,">0"))=0,"",SUMIFS(Input_Konektivitas!$D$3:$D$563,Input_Konektivitas!$A$3:$A$563,$A18,Input_Konektivitas!$B$3:$B$563,D$3)+SUMIFS(Input_Konektivitas!$D$3:$D$563,Input_Konektivitas!$A$3:$A$563,D$3,Input_Konektivitas!$B$3:$B$563,$A18)) -> 4.58 | E18: =IF((COUNTIFS(Input_Konektivitas!$A$3:$A$563,$A18,Input_Konektivitas!$B$3:$B$563,E$3,Input_Konektivitas!$D$3:$D$563,">0")+COUNTIFS(Input_Konektivitas!$A$3:$A$563,E$3,Input_Konektivitas!$B$3:$B$563,$A18,Input_Konektivitas!$D$3:$D$563,">0"))=0,"",SUMIFS(Input_Konektivitas!$D$3:$D$563,Input_Konektivitas!$A$3:$A$563,$A18,Input_Konektivitas!$B$3:$B$563,E$3)+SUMIFS(Input_Konektivitas!$D$3:$D$563,Input_Konektivitas!$A$3:$A$563,E$3,Input_Konektivitas!$B$3:$B$563,$A18)) -> 6.25 | F18: =IF((COUNTIFS(Input_Konektivitas!$A$3:$A$563,$A18,Input_Konektivitas!$B$3:$B$563,F$3,Input_Konektivitas!$D$3:$D$563,">0")+COUNTIFS(Input_Konektivitas!$A$3:$A$563,F$3,Input_Konektivitas!$B$3:$B$563,$A18,Input_Konektivitas!$D$3:$D$563,">0"))=0,"",SUMIFS(Input_Konektivitas!$D$3:$D$563,Input_Konektivitas!$A$3:$A$563,$A18,Input_Konektivitas!$B$3:$B$563,F$3)+SUMIFS(Input_Konektivitas!$D$3:$D$563,Input_Konektivitas!$A$3:$A$563,F$3,Input_Konektivitas!$B$3:$B$563,$A18)) -> 3.75 | G18: =IF((COUNTIFS(Input_Konektivitas!$A$3:$A$563,$A18,Input_Konektivitas!$B$3:$B$563,G$3,Input_Konektivitas!$D$3:$D$563,">0")+COUNTIFS(Input_Konektivitas!$A$3:$A$563,G$3,Input_Konektivitas!$B$3:$B$563,$A18,Input_Konektivitas!$D$3:$D$563,">0"))=0,"",SUMIFS(Input_Konektivitas!$D$3:$D$563,Input_Konektivitas!$A$3:$A$563,$A18,Input_Konektivitas!$B$3:$B$563,G$3)+SUMIFS(Input_Konektivitas!$D$3:$D$563,Input_Konektivitas!$A$3:$A$563,G$3,Input_Konektivitas!$B$3:$B$563,$A18)) -> 2 | H18: =IF((COUNTIFS(Input_Konektivitas!$A$3:$A$563,$A18,Input_Konektivitas!$B$3:$B$563,H$3,Input_Konektivitas!$D$3:$D$563,">0")+COUNTIFS(Input_Konektivitas!$A$3:$A$563,H$3,Input_Konektivitas!$B$3:$B$563,$A18,Input_Konektivitas!$D$3:$D$563,">0"))=0,"",SUMIFS(Input_Konektivitas!$D$3:$D$563,Input_Konektivitas!$A$3:$A$563,$A18,Input_Konektivitas!$B$3:$B$563,H$3)+SUMIFS(Input_Konektivitas!$D$3:$D$563,Input_Konektivitas!$A$3:$A$563,H$3,Input_Konektivitas!$B$3:$B$563,$A18)) -> 3.75 | I18: =IF((COUNTIFS(Input_Konektivitas!$A$3:$A$563,$A18,Input_Konektivitas!$B$3:$B$563,I$3,Input_Konektivitas!$D$3:$D$563,">0")+COUNTIFS(Input_Konektivitas!$A$3:$A$563,I$3,Input_Konektivitas!$B$3:$B$563,$A18,Input_Konektivitas!$D$3:$D$563,">0"))=0,"",SUMIFS(Input_Konektivitas!$D$3:$D$563,Input_Konektivitas!$A$3:$A$563,$A18,Input_Konektivitas!$B$3:$B$563,I$3)+SUMIFS(Input_Konektivitas!$D$3:$D$563,Input_Konektivitas!$A$3:$A$563,I$3,Input_Konektivitas!$B$3:$B$563,$A18)) -> 3.25 | ... O18: =IF((COUNTIFS(Input_Konektivitas!$A$3:$A$563,$A18,Input_Konektivitas!$B$3:$B$563,O$3,Input_Konektivitas!$D$3:$D$563,">0")+COUNTIFS(Input_Konektivitas!$A$3:$A$563,O$3,Input_Konektivitas!$B$3:$B$563,$A18,Input_Konektivitas!$D$3:$D$563,">0"))=0,"",SUMIFS(Input_Konektivitas!$D$3:$D$563,Input_Konektivitas!$A$3:$A$563,$A18,Input_Konektivitas!$B$3:$B$563,O$3)+SUMIFS(Input_Konektivitas!$D$3:$D$563,Input_Konektivitas!$A$3:$A$563,O$3,Input_Konektivitas!$B$3:$B$563,$A18)) -> 3.5 | P18: 0 | Q18: =IF((COUNTIFS(Input_Konektivitas!$A$3:$A$563,$A18,Input_Konektivitas!$B$3:$B$563,Q$3,Input_Konektivitas!$D$3:$D$563,">0")+COUNTIFS(Input_Konektivitas!$A$3:$A$563,Q$3,Input_Konektivitas!$B$3:$B$563,$A18,Input_Konektivitas!$D$3:$D$563,">0"))=0,"",SUMIFS(Input_Konektivitas!$D$3:$D$563,Input_Konektivitas!$A$3:$A$563,$A18,Input_Konektivitas!$B$3:$B$563,Q$3)+SUMIFS(Input_Konektivitas!$D$3:$D$563,Input_Konektivitas!$A$3:$A$563,Q$3,Input_Konektivitas!$B$3:$B$563,$A18)) | R18: =IF((COUNTIFS(Input_Konektivitas!$A$3:$A$563,$A18,Input_Konektivitas!$B$3:$B$563,R$3,Input_Konektivitas!$D$3:$D$563,">0")+COUNTIFS(Input_Konektivitas!$A$3:$A$563,R$3,Input_Konektivitas!$B$3:$B$563,$A18,Input_Konektivitas!$D$3:$D$563,">0"))=0,"",SUMIFS(Input_Konektivitas!$D$3:$D$563,Input_Konektivitas!$A$3:$A$563,$A18,Input_Konektivitas!$B$3:$B$563,R$3)+SUMIFS(Input_Konektivitas!$D$3:$D$563,Input_Konektivitas!$A$3:$A$563,R$3,Input_Konektivitas!$B$3:$B$563,$A18)) -> 1 | S18: =IF((COUNTIFS(Input_Konektivitas!$A$3:$A$563,$A18,Input_Konektivitas!$B$3:$B$563,S$3,Input_Konektivitas!$D$3:$D$563,">0")+COUNTIFS(Input_Konektivitas!$A$3:$A$563,S$3,Input_Konektivitas!$B$3:$B$563,$A18,Input_Konektivitas!$D$3:$D$563,">0"))=0,"",SUMIFS(Input_Konektivitas!$D$3:$D$563,Input_Konektivitas!$A$3:$A$563,$A18,Input_Konektivitas!$B$3:$B$563,S$3)+SUMIFS(Input_Konektivitas!$D$3:$D$563,Input_Konektivitas!$A$3:$A$563,S$3,Input_Konektivitas!$B$3:$B$563,$A18)) -> 1.083 | T18: =IF((COUNTIFS(Input_Konektivitas!$A$3:$A$563,$A18,Input_Konektivitas!$B$3:$B$563,T$3,Input_Konektivitas!$D$3:$D$563,">0")+COUNTIFS(Input_Konektivitas!$A$3:$A$563,T$3,Input_Konektivitas!$B$3:$B$563,$A18,Input_Konektivitas!$D$3:$D$563,">0"))=0,"",SUMIFS(Input_Konektivitas!$D$3:$D$563,Input_Konektivitas!$A$3:$A$563,$A18,Input_Konektivitas!$B$3:$B$563,T$3)+SUMIFS(Input_Konektivitas!$D$3:$D$563,Input_Konektivitas!$A$3:$A$563,T$3,Input_Konektivitas!$B$3:$B$563,$A18)) -> 1.5 | U18: =IF((COUNTIFS(Input_Konektivitas!$A$3:$A$563,$A18,Input_Konektivitas!$B$3:$B$563,U$3,Input_Konektivitas!$D$3:$D$563,">0")+COUNTIFS(Input_Konektivitas!$A$3:$A$563,U$3,Input_Konektivitas!$B$3:$B$563,$A18,Input_Konektivitas!$D$3:$D$563,">0"))=0,"",SUMIFS(Input_Konektivitas!$D$3:$D$563,Input_Konektivitas!$A$3:$A$563,$A18,Input_Konektivitas!$B$3:$B$563,U$3)+SUMIFS(Input_Konektivitas!$D$3:$D$563,Input_Konektivitas!$A$3:$A$563,U$3,Input_Konektivitas!$B$3:$B$563,$A18)) -> 1.67 | V18: =IF((COUNTIFS(Input_Konektivitas!$A$3:$A$563,$A18,Input_Konektivitas!$B$3:$B$563,V$3,Input_Konektivitas!$D$3:$D$563,">0")+COUNTIFS(Input_Konektivitas!$A$3:$A$563,V$3,Input_Konektivitas!$B$3:$B$563,$A18,Input_Konektivitas!$D$3:$D$563,">0"))=0,"",SUMIFS(Input_Konektivitas!$D$3:$D$563,Input_Konektivitas!$A$3:$A$563,$A18,Input_Konektivitas!$B$3:$B$563,V$3)+SUMIFS(Input_Konektivitas!$D$3:$D$563,Input_Konektivitas!$A$3:$A$563,V$3,Input_Konektivitas!$B$3:$B$563,$A18)) -> 1.25 | W18: =IF((COUNTIFS(Input_Konektivitas!$A$3:$A$563,$A18,Input_Konektivitas!$B$3:$B$563,W$3,Input_Konektivitas!$D$3:$D$563,">0")+COUNTIFS(Input_Konektivitas!$A$3:$A$563,W$3,Input_Konektivitas!$B$3:$B$563,$A18,Input_Konektivitas!$D$3:$D$563,">0"))=0,"",SUMIFS(Input_Konektivitas!$D$3:$D$563,Input_Konektivitas!$A$3:$A$563,$A18,Input_Konektivitas!$B$3:$B$563,W$3)+SUMIFS(Input_Konektivitas!$D$3:$D$563,Input_Konektivitas!$A$3:$A$563,W$3,Input_Konektivitas!$B$3:$B$563,$A18)) -> 1.167 | X18: =IF((COUNTIFS(Input_Konektivitas!$A$3:$A$563,$A18,Input_Konektivitas!$B$3:$B$563,X$3,Input_Konektivitas!$D$3:$D$563,">0")+COUNTIFS(Input_Konektivitas!$A$3:$A$563,X$3,Input_Konektivitas!$B$3:$B$563,$A18,Input_Konektivitas!$D$3:$D$563,">0"))=0,"",SUMIFS(Input_Konektivitas!$D$3:$D$563,Input_Konektivitas!$A$3:$A$563,$A18,Input_Konektivitas!$B$3:$B$563,X$3)+SUMIFS(Input_Konektivitas!$D$3:$D$563,Input_Konektivitas!$A$3:$A$563,X$3,Input_Konektivitas!$B$3:$B$563,$A18)) -> 1.583 | ... AI18: =IF((COUNTIFS(Input_Konektivitas!$A$3:$A$563,$A18,Input_Konektivitas!$B$3:$B$563,AI$3,Input_Konektivitas!$D$3:$D$563,">0")+COUNTIFS(Input_Konektivitas!$A$3:$A$563,AI$3,Input_Konektivitas!$B$3:$B$563,$A18,Input_Konektivitas!$D$3:$D$563,">0"))=0,"",SUMIFS(Input_Konektivitas!$D$3:$D$563,Input_Konektivitas!$A$3:$A$563,$A18,Input_Konektivitas!$B$3:$B$563,AI$3)+SUMIFS(Input_Konektivitas!$D$3:$D$563,Input_Konektivitas!$A$3:$A$563,AI$3,Input_Konektivitas!$B$3:$B$563,$A18)) -> 7.916
A19: Banten | B19: =IF((COUNTIFS(Input_Konektivitas!$A$3:$A$563,$A19,Input_Konektivitas!$B$3:$B$563,B$3,Input_Konektivitas!$D$3:$D$563,">0")+COUNTIFS(Input_Konektivitas!$A$3:$A$563,B$3,Input_Konektivitas!$B$3:$B$563,$A19,Input_Konektivitas!$D$3:$D$563,">0"))=0,"",SUMIFS(Input_Konektivitas!$D$3:$D$563,Input_Konektivitas!$A$3:$A$563,$A19,Input_Konektivitas!$B$3:$B$563,B$3)+SUMIFS(Input_Konektivitas!$D$3:$D$563,Input_Konektivitas!$A$3:$A$563,B$3,Input_Konektivitas!$B$3:$B$563,$A19)) | C19: =IF((COUNTIFS(Input_Konektivitas!$A$3:$A$563,$A19,Input_Konektivitas!$B$3:$B$563,C$3,Input_Konektivitas!$D$3:$D$563,">0")+COUNTIFS(Input_Konektivitas!$A$3:$A$563,C$3,Input_Konektivitas!$B$3:$B$563,$A19,Input_Konektivitas!$D$3:$D$563,">0"))=0,"",SUMIFS(Input_Konektivitas!$D$3:$D$563,Input_Konektivitas!$A$3:$A$563,$A19,Input_Konektivitas!$B$3:$B$563,C$3)+SUMIFS(Input_Konektivitas!$D$3:$D$563,Input_Konektivitas!$A$3:$A$563,C$3,Input_Konektivitas!$B$3:$B$563,$A19)) | D19: =IF((COUNTIFS(Input_Konektivitas!$A$3:$A$563,$A19,Input_Konektivitas!$B$3:$B$563,D$3,Input_Konektivitas!$D$3:$D$563,">0")+COUNTIFS(Input_Konektivitas!$A$3:$A$563,D$3,Input_Konektivitas!$B$3:$B$563,$A19,Input_Konektivitas!$D$3:$D$563,">0"))=0,"",SUMIFS(Input_Konektivitas!$D$3:$D$563,Input_Konektivitas!$A$3:$A$563,$A19,Input_Konektivitas!$B$3:$B$563,D$3)+SUMIFS(Input_Konektivitas!$D$3:$D$563,Input_Konektivitas!$A$3:$A$563,D$3,Input_Konektivitas!$B$3:$B$563,$A19)) | E19: =IF((COUNTIFS(Input_Konektivitas!$A$3:$A$563,$A19,Input_Konektivitas!$B$3:$B$563,E$3,Input_Konektivitas!$D$3:$D$563,">0")+COUNTIFS(Input_Konektivitas!$A$3:$A$563,E$3,Input_Konektivitas!$B$3:$B$563,$A19,Input_Konektivitas!$D$3:$D$563,">0"))=0,"",SUMIFS(Input_Konektivitas!$D$3:$D$563,Input_Konektivitas!$A$3:$A$563,$A19,Input_Konektivitas!$B$3:$B$563,E$3)+SUMIFS(Input_Konektivitas!$D$3:$D$563,Input_Konektivitas!$A$3:$A$563,E$3,Input_Konektivitas!$B$3:$B$563,$A19)) | F19: =IF((COUNTIFS(Input_Konektivitas!$A$3:$A$563,$A19,Input_Konektivitas!$B$3:$B$563,F$3,Input_Konektivitas!$D$3:$D$563,">0")+COUNTIFS(Input_Konektivitas!$A$3:$A$563,F$3,Input_Konektivitas!$B$3:$B$563,$A19,Input_Konektivitas!$D$3:$D$563,">0"))=0,"",SUMIFS(Input_Konektivitas!$D$3:$D$563,Input_Konektivitas!$A$3:$A$563,$A19,Input_Konektivitas!$B$3:$B$563,F$3)+SUMIFS(Input_Konektivitas!$D$3:$D$563,Input_Konektivitas!$A$3:$A$563,F$3,Input_Konektivitas!$B$3:$B$563,$A19)) | G19: =IF((COUNTIFS(Input_Konektivitas!$A$3:$A$563,$A19,Input_Konektivitas!$B$3:$B$563,G$3,Input_Konektivitas!$D$3:$D$563,">0")+COUNTIFS(Input_Konektivitas!$A$3:$A$563,G$3,Input_Konektivitas!$B$3:$B$563,$A19,Input_Konektivitas!$D$3:$D$563,">0"))=0,"",SUMIFS(Input_Konektivitas!$D$3:$D$563,Input_Konektivitas!$A$3:$A$563,$A19,Input_Konektivitas!$B$3:$B$563,G$3)+SUMIFS(Input_Konektivitas!$D$3:$D$563,Input_Konektivitas!$A$3:$A$563,G$3,Input_Konektivitas!$B$3:$B$563,$A19)) | H19: =IF((COUNTIFS(Input_Konektivitas!$A$3:$A$563,$A19,Input_Konektivitas!$B$3:$B$563,H$3,Input_Konektivitas!$D$3:$D$563,">0")+COUNTIFS(Input_Konektivitas!$A$3:$A$563,H$3,Input_Konektivitas!$B$3:$B$563,$A19,Input_Konektivitas!$D$3:$D$563,">0"))=0,"",SUMIFS(Input_Konektivitas!$D$3:$D$563,Input_Konektivitas!$A$3:$A$563,$A19,Input_Konektivitas!$B$3:$B$563,H$3)+SUMIFS(Input_Konektivitas!$D$3:$D$563,Input_Konektivitas!$A$3:$A$563,H$3,Input_Konektivitas!$B$3:$B$563,$A19)) | I19: =IF((COUNTIFS(Input_Konektivitas!$A$3:$A$563,$A19,Input_Konektivitas!$B$3:$B$563,I$3,Input_Konektivitas!$D$3:$D$563,">0")+COUNTIFS(Input_Konektivitas!$A$3:$A$563,I$3,Input_Konektivitas!$B$3:$B$563,$A19,Input_Konektivitas!$D$3:$D$563,">0"))=0,"",SUMIFS(Input_Konektivitas!$D$3:$D$563,Input_Konektivitas!$A$3:$A$563,$A19,Input_Konektivitas!$B$3:$B$563,I$3)+SUMIFS(Input_Konektivitas!$D$3:$D$563,Input_Konektivitas!$A$3:$A$563,I$3,Input_Konektivitas!$B$3:$B$563,$A19)) | ... P19: =IF((COUNTIFS(Input_Konektivitas!$A$3:$A$563,$A19,Input_Konektivitas!$B$3:$B$563,P$3,Input_Konektivitas!$D$3:$D$563,">0")+COUNTIFS(Input_Konektivitas!$A$3:$A$563,P$3,Input_Konektivitas!$B$3:$B$563,$A19,Input_Konektivitas!$D$3:$D$563,">0"))=0,"",SUMIFS(Input_Konektivitas!$D$3:$D$563,Input_Konektivitas!$A$3:$A$563,$A19,Input_Konektivitas!$B$3:$B$563,P$3)+SUMIFS(Input_Konektivitas!$D$3:$D$563,Input_Konektivitas!$A$3:$A$563,P$3,Input_Konektivitas!$B$3:$B$563,$A19)) | Q19: 0 | R19: =IF((COUNTIFS(Input_Konektivitas!$A$3:$A$563,$A19,Input_Konektivitas!$B$3:$B$563,R$3,Input_Konektivitas!$D$3:$D$563,">0")+COUNTIFS(Input_Konektivitas!$A$3:$A$563,R$3,Input_Konektivitas!$B$3:$B$563,$A19,Input_Konektivitas!$D$3:$D$563,">0"))=0,"",SUMIFS(Input_Konektivitas!$D$3:$D$563,Input_Konektivitas!$A$3:$A$563,$A19,Input_Konektivitas!$B$3:$B$563,R$3)+SUMIFS(Input_Konektivitas!$D$3:$D$563,Input_Konektivitas!$A$3:$A$563,R$3,Input_Konektivitas!$B$3:$B$563,$A19)) | S19: =IF((COUNTIFS(Input_Konektivitas!$A$3:$A$563,$A19,Input_Konektivitas!$B$3:$B$563,S$3,Input_Konektivitas!$D$3:$D$563,">0")+COUNTIFS(Input_Konektivitas!$A$3:$A$563,S$3,Input_Konektivitas!$B$3:$B$563,$A19,Input_Konektivitas!$D$3:$D$563,">0"))=0,"",SUMIFS(Input_Konektivitas!$D$3:$D$563,Input_Konektivitas!$A$3:$A$563,$A19,Input_Konektivitas!$B$3:$B$563,S$3)+SUMIFS(Input_Konektivitas!$D$3:$D$563,Input_Konektivitas!$A$3:$A$563,S$3,Input_Konektivitas!$B$3:$B$563,$A19)) | T19: =IF((COUNTIFS(Input_Konektivitas!$A$3:$A$563,$A19,Input_Konektivitas!$B$3:$B$563,T$3,Input_Konektivitas!$D$3:$D$563,">0")+COUNTIFS(Input_Konektivitas!$A$3:$A$563,T$3,Input_Konektivitas!$B$3:$B$563,$A19,Input_Konektivitas!$D$3:$D$563,">0"))=0,"",SUMIFS(Input_Konektivitas!$D$3:$D$563,Input_Konektivitas!$A$3:$A$563,$A19,Input_Konektivitas!$B$3:$B$563,T$3)+SUMIFS(Input_Konektivitas!$D$3:$D$563,Input_Konektivitas!$A$3:$A$563,T$3,Input_Konektivitas!$B$3:$B$563,$A19)) | U19: =IF((COUNTIFS(Input_Konektivitas!$A$3:$A$563,$A19,Input_Konektivitas!$B$3:$B$563,U$3,Input_Konektivitas!$D$3:$D$563,">0")+COUNTIFS(Input_Konektivitas!$A$3:$A$563,U$3,Input_Konektivitas!$B$3:$B$563,$A19,Input_Konektivitas!$D$3:$D$563,">0"))=0,"",SUMIFS(Input_Konektivitas!$D$3:$D$563,Input_Konektivitas!$A$3:$A$563,$A19,Input_Konektivitas!$B$3:$B$563,U$3)+SUMIFS(Input_Konektivitas!$D$3:$D$563,Input_Konektivitas!$A$3:$A$563,U$3,Input_Konektivitas!$B$3:$B$563,$A19)) | V19: =IF((COUNTIFS(Input_Konektivitas!$A$3:$A$563,$A19,Input_Konektivitas!$B$3:$B$563,V$3,Input_Konektivitas!$D$3:$D$563,">0")+COUNTIFS(Input_Konektivitas!$A$3:$A$563,V$3,Input_Konektivitas!$B$3:$B$563,$A19,Input_Konektivitas!$D$3:$D$563,">0"))=0,"",SUMIFS(Input_Konektivitas!$D$3:$D$563,Input_Konektivitas!$A$3:$A$563,$A19,Input_Konektivitas!$B$3:$B$563,V$3)+SUMIFS(Input_Konektivitas!$D$3:$D$563,Input_Konektivitas!$A$3:$A$563,V$3,Input_Konektivitas!$B$3:$B$563,$A19)) | W19: =IF((COUNTIFS(Input_Konektivitas!$A$3:$A$563,$A19,Input_Konektivitas!$B$3:$B$563,W$3,Input_Konektivitas!$D$3:$D$563,">0")+COUNTIFS(Input_Konektivitas!$A$3:$A$563,W$3,Input_Konektivitas!$B$3:$B$563,$A19,Input_Konektivitas!$D$3:$D$563,">0"))=0,"",SUMIFS(Input_Konektivitas!$D$3:$D$563,Input_Konektivitas!$A$3:$A$563,$A19,Input_Konektivitas!$B$3:$B$563,W$3)+SUMIFS(Input_Konektivitas!$D$3:$D$563,Input_Konektivitas!$A$3:$A$563,W$3,Input_Konektivitas!$B$3:$B$563,$A19)) | X19: =IF((COUNTIFS(Input_Konektivitas!$A$3:$A$563,$A19,Input_Konektivitas!$B$3:$B$563,X$3,Input_Konektivitas!$D$3:$D$563,">0")+COUNTIFS(Input_Konektivitas!$A$3:$A$563,X$3,Input_Konektivitas!$B$3:$B$563,$A19,Input_Konektivitas!$D$3:$D$563,">0"))=0,"",SUMIFS(Input_Konektivitas!$D$3:$D$563,Input_Konektivitas!$A$3:$A$563,$A19,Input_Konektivitas!$B$3:$B$563,X$3)+SUMIFS(Input_Konektivitas!$D$3:$D$563,Input_Konektivitas!$A$3:$A$563,X$3,Input_Konektivitas!$B$3:$B$563,$A19)) | Y19: =IF((COUNTIFS(Input_Konektivitas!$A$3:$A$563,$A19,Input_Konektivitas!$B$3:$B$563,Y$3,Input_Konektivitas!$D$3:$D$563,">0")+COUNTIFS(Input_Konektivitas!$A$3:$A$563,Y$3,Input_Konektivitas!$B$3:$B$563,$A19,Input_Konektivitas!$D$3:$D$563,">0"))=0,"",SUMIFS(Input_Konektivitas!$D$3:$D$563,Input_Konektivitas!$A$3:$A$563,$A19,Input_Konektivitas!$B$3:$B$563,Y$3)+SUMIFS(Input_Konektivitas!$D$3:$D$563,Input_Konektivitas!$A$3:$A$563,Y$3,Input_Konektivitas!$B$3:$B$563,$A19)) | ... AI19: =IF((COUNTIFS(Input_Konektivitas!$A$3:$A$563,$A19,Input_Konektivitas!$B$3:$B$563,AI$3,Input_Konektivitas!$D$3:$D$563,">0")+COUNTIFS(Input_Konektivitas!$A$3:$A$563,AI$3,Input_Konektivitas!$B$3:$B$563,$A19,Input_Konektivitas!$D$3:$D$563,">0"))=0,"",SUMIFS(Input_Konektivitas!$D$3:$D$563,Input_Konektivitas!$A$3:$A$563,$A19,Input_Konektivitas!$B$3:$B$563,AI$3)+SUMIFS(Input_Konektivitas!$D$3:$D$563,Input_Konektivitas!$A$3:$A$563,AI$3,Input_Konektivitas!$B$3:$B$563,$A19))
A20: Bali | B20: =IF((COUNTIFS(Input_Konektivitas!$A$3:$A$563,$A20,Input_Konektivitas!$B$3:$B$563,B$3,Input_Konektivitas!$D$3:$D$563,">0")+COUNTIFS(Input_Konektivitas!$A$3:$A$563,B$3,Input_Konektivitas!$B$3:$B$563,$A20,Input_Konektivitas!$D$3:$D$563,">0"))=0,"",SUMIFS(Input_Konektivitas!$D$3:$D$563,Input_Konektivitas!$A$3:$A$563,$A20,Input_Konektivitas!$B$3:$B$563,B$3)+SUMIFS(Input_Konektivitas!$D$3:$D$563,Input_Konektivitas!$A$3:$A$563,B$3,Input_Konektivitas!$B$3:$B$563,$A20)) -> 6.08333 | C20: =IF((COUNTIFS(Input_Konektivitas!$A$3:$A$563,$A20,Input_Konektivitas!$B$3:$B$563,C$3,Input_Konektivitas!$D$3:$D$563,">0")+COUNTIFS(Input_Konektivitas!$A$3:$A$563,C$3,Input_Konektivitas!$B$3:$B$563,$A20,Input_Konektivitas!$D$3:$D$563,">0"))=0,"",SUMIFS(Input_Konektivitas!$D$3:$D$563,Input_Konektivitas!$A$3:$A$563,$A20,Input_Konektivitas!$B$3:$B$563,C$3)+SUMIFS(Input_Konektivitas!$D$3:$D$563,Input_Konektivitas!$A$3:$A$563,C$3,Input_Konektivitas!$B$3:$B$563,$A20)) -> 5.17 | D20: =IF((COUNTIFS(Input_Konektivitas!$A$3:$A$563,$A20,Input_Konektivitas!$B$3:$B$563,D$3,Input_Konektivitas!$D$3:$D$563,">0")+COUNTIFS(Input_Konektivitas!$A$3:$A$563,D$3,Input_Konektivitas!$B$3:$B$563,$A20,Input_Konektivitas!$D$3:$D$563,">0"))=0,"",SUMIFS(Input_Konektivitas!$D$3:$D$563,Input_Konektivitas!$A$3:$A$563,$A20,Input_Konektivitas!$B$3:$B$563,D$3)+SUMIFS(Input_Konektivitas!$D$3:$D$563,Input_Konektivitas!$A$3:$A$563,D$3,Input_Konektivitas!$B$3:$B$563,$A20)) -> 4.92 | E20: =IF((COUNTIFS(Input_Konektivitas!$A$3:$A$563,$A20,Input_Konektivitas!$B$3:$B$563,E$3,Input_Konektivitas!$D$3:$D$563,">0")+COUNTIFS(Input_Konektivitas!$A$3:$A$563,E$3,Input_Konektivitas!$B$3:$B$563,$A20,Input_Konektivitas!$D$3:$D$563,">0"))=0,"",SUMIFS(Input_Konektivitas!$D$3:$D$563,Input_Konektivitas!$A$3:$A$563,$A20,Input_Konektivitas!$B$3:$B$563,E$3)+SUMIFS(Input_Konektivitas!$D$3:$D$563,Input_Konektivitas!$A$3:$A$563,E$3,Input_Konektivitas!$B$3:$B$563,$A20)) -> 4.67 | F20: =IF((COUNTIFS(Input_Konektivitas!$A$3:$A$563,$A20,Input_Konektivitas!$B$3:$B$563,F$3,Input_Konektivitas!$D$3:$D$563,">0")+COUNTIFS(Input_Konektivitas!$A$3:$A$563,F$3,Input_Konektivitas!$B$3:$B$563,$A20,Input_Konektivitas!$D$3:$D$563,">0"))=0,"",SUMIFS(Input_Konektivitas!$D$3:$D$563,Input_Konektivitas!$A$3:$A$563,$A20,Input_Konektivitas!$B$3:$B$563,F$3)+SUMIFS(Input_Konektivitas!$D$3:$D$563,Input_Konektivitas!$A$3:$A$563,F$3,Input_Konektivitas!$B$3:$B$563,$A20)) -> 3.45 | G20: =IF((COUNTIFS(Input_Konektivitas!$A$3:$A$563,$A20,Input_Konektivitas!$B$3:$B$563,G$3,Input_Konektivitas!$D$3:$D$563,">0")+COUNTIFS(Input_Konektivitas!$A$3:$A$563,G$3,Input_Konektivitas!$B$3:$B$563,$A20,Input_Konektivitas!$D$3:$D$563,">0"))=0,"",SUMIFS(Input_Konektivitas!$D$3:$D$563,Input_Konektivitas!$A$3:$A$563,$A20,Input_Konektivitas!$B$3:$B$563,G$3)+SUMIFS(Input_Konektivitas!$D$3:$D$563,Input_Konektivitas!$A$3:$A$563,G$3,Input_Konektivitas!$B$3:$B$563,$A20)) -> 4 | H20: =IF((COUNTIFS(Input_Konektivitas!$A$3:$A$563,$A20,Input_Konektivitas!$B$3:$B$563,H$3,Input_Konektivitas!$D$3:$D$563,">0")+COUNTIFS(Input_Konektivitas!$A$3:$A$563,H$3,Input_Konektivitas!$B$3:$B$563,$A20,Input_Konektivitas!$D$3:$D$563,">0"))=0,"",SUMIFS(Input_Konektivitas!$D$3:$D$563,Input_Konektivitas!$A$3:$A$563,$A20,Input_Konektivitas!$B$3:$B$563,H$3)+SUMIFS(Input_Konektivitas!$D$3:$D$563,Input_Konektivitas!$A$3:$A$563,H$3,Input_Konektivitas!$B$3:$B$563,$A20)) -> 4.08 | I20: =IF((COUNTIFS(Input_Konektivitas!$A$3:$A$563,$A20,Input_Konektivitas!$B$3:$B$563,I$3,Input_Konektivitas!$D$3:$D$563,">0")+COUNTIFS(Input_Konektivitas!$A$3:$A$563,I$3,Input_Konektivitas!$B$3:$B$563,$A20,Input_Konektivitas!$D$3:$D$563,">0"))=0,"",SUMIFS(Input_Konektivitas!$D$3:$D$563,Input_Konektivitas!$A$3:$A$563,$A20,Input_Konektivitas!$B$3:$B$563,I$3)+SUMIFS(Input_Konektivitas!$D$3:$D$563,Input_Konektivitas!$A$3:$A$563,I$3,Input_Konektivitas!$B$3:$B$563,$A20)) -> 3.5 | ... Q20: =IF((COUNTIFS(Input_Konektivitas!$A$3:$A$563,$A20,Input_Konektivitas!$B$3:$B$563,Q$3,Input_Konektivitas!$D$3:$D$563,">0")+COUNTIFS(Input_Konektivitas!$A$3:$A$563,Q$3,Input_Konektivitas!$B$3:$B$563,$A20,Input_Konektivitas!$D$3:$D$563,">0"))=0,"",SUMIFS(Input_Konektivitas!$D$3:$D$563,Input_Konektivitas!$A$3:$A$563,$A20,Input_Konektivitas!$B$3:$B$563,Q$3)+SUMIFS(Input_Konektivitas!$D$3:$D$563,Input_Konektivitas!$A$3:$A$563,Q$3,Input_Konektivitas!$B$3:$B$563,$A20)) | R20: 0 | S20: =IF((COUNTIFS(Input_Konektivitas!$A$3:$A$563,$A20,Input_Konektivitas!$B$3:$B$563,S$3,Input_Konektivitas!$D$3:$D$563,">0")+COUNTIFS(Input_Konektivitas!$A$3:$A$563,S$3,Input_Konektivitas!$B$3:$B$563,$A20,Input_Konektivitas!$D$3:$D$563,">0"))=0,"",SUMIFS(Input_Konektivitas!$D$3:$D$563,Input_Konektivitas!$A$3:$A$563,$A20,Input_Konektivitas!$B$3:$B$563,S$3)+SUMIFS(Input_Konektivitas!$D$3:$D$563,Input_Konektivitas!$A$3:$A$563,S$3,Input_Konektivitas!$B$3:$B$563,$A20)) -> 0.666 | T20: =IF((COUNTIFS(Input_Konektivitas!$A$3:$A$563,$A20,Input_Konektivitas!$B$3:$B$563,T$3,Input_Konektivitas!$D$3:$D$563,">0")+COUNTIFS(Input_Konektivitas!$A$3:$A$563,T$3,Input_Konektivitas!$B$3:$B$563,$A20,Input_Konektivitas!$D$3:$D$563,">0"))=0,"",SUMIFS(Input_Konektivitas!$D$3:$D$563,Input_Konektivitas!$A$3:$A$563,$A20,Input_Konektivitas!$B$3:$B$563,T$3)+SUMIFS(Input_Konektivitas!$D$3:$D$563,Input_Konektivitas!$A$3:$A$563,T$3,Input_Konektivitas!$B$3:$B$563,$A20)) -> 1.0833 | U20: =IF((COUNTIFS(Input_Konektivitas!$A$3:$A$563,$A20,Input_Konektivitas!$B$3:$B$563,U$3,Input_Konektivitas!$D$3:$D$563,">0")+COUNTIFS(Input_Konektivitas!$A$3:$A$563,U$3,Input_Konektivitas!$B$3:$B$563,$A20,Input_Konektivitas!$D$3:$D$563,">0"))=0,"",SUMIFS(Input_Konektivitas!$D$3:$D$563,Input_Konektivitas!$A$3:$A$563,$A20,Input_Konektivitas!$B$3:$B$563,U$3)+SUMIFS(Input_Konektivitas!$D$3:$D$563,Input_Konektivitas!$A$3:$A$563,U$3,Input_Konektivitas!$B$3:$B$563,$A20)) -> 2.083 | V20: =IF((COUNTIFS(Input_Konektivitas!$A$3:$A$563,$A20,Input_Konektivitas!$B$3:$B$563,V$3,Input_Konektivitas!$D$3:$D$563,">0")+COUNTIFS(Input_Konektivitas!$A$3:$A$563,V$3,Input_Konektivitas!$B$3:$B$563,$A20,Input_Konektivitas!$D$3:$D$563,">0"))=0,"",SUMIFS(Input_Konektivitas!$D$3:$D$563,Input_Konektivitas!$A$3:$A$563,$A20,Input_Konektivitas!$B$3:$B$563,V$3)+SUMIFS(Input_Konektivitas!$D$3:$D$563,Input_Konektivitas!$A$3:$A$563,V$3,Input_Konektivitas!$B$3:$B$563,$A20)) -> 2.916 | W20: =IF((COUNTIFS(Input_Konektivitas!$A$3:$A$563,$A20,Input_Konektivitas!$B$3:$B$563,W$3,Input_Konektivitas!$D$3:$D$563,">0")+COUNTIFS(Input_Konektivitas!$A$3:$A$563,W$3,Input_Konektivitas!$B$3:$B$563,$A20,Input_Konektivitas!$D$3:$D$563,">0"))=0,"",SUMIFS(Input_Konektivitas!$D$3:$D$563,Input_Konektivitas!$A$3:$A$563,$A20,Input_Konektivitas!$B$3:$B$563,W$3)+SUMIFS(Input_Konektivitas!$D$3:$D$563,Input_Konektivitas!$A$3:$A$563,W$3,Input_Konektivitas!$B$3:$B$563,$A20)) -> 1.5 | X20: =IF((COUNTIFS(Input_Konektivitas!$A$3:$A$563,$A20,Input_Konektivitas!$B$3:$B$563,X$3,Input_Konektivitas!$D$3:$D$563,">0")+COUNTIFS(Input_Konektivitas!$A$3:$A$563,X$3,Input_Konektivitas!$B$3:$B$563,$A20,Input_Konektivitas!$D$3:$D$563,">0"))=0,"",SUMIFS(Input_Konektivitas!$D$3:$D$563,Input_Konektivitas!$A$3:$A$563,$A20,Input_Konektivitas!$B$3:$B$563,X$3)+SUMIFS(Input_Konektivitas!$D$3:$D$563,Input_Konektivitas!$A$3:$A$563,X$3,Input_Konektivitas!$B$3:$B$563,$A20)) -> 1.75 | Y20: =IF((COUNTIFS(Input_Konektivitas!$A$3:$A$563,$A20,Input_Konektivitas!$B$3:$B$563,Y$3,Input_Konektivitas!$D$3:$D$563,">0")+COUNTIFS(Input_Konektivitas!$A$3:$A$563,Y$3,Input_Konektivitas!$B$3:$B$563,$A20,Input_Konektivitas!$D$3:$D$563,">0"))=0,"",SUMIFS(Input_Konektivitas!$D$3:$D$563,Input_Konektivitas!$A$3:$A$563,$A20,Input_Konektivitas!$B$3:$B$563,Y$3)+SUMIFS(Input_Konektivitas!$D$3:$D$563,Input_Konektivitas!$A$3:$A$563,Y$3,Input_Konektivitas!$B$3:$B$563,$A20)) -> 5.916 | Z20: =IF((COUNTIFS(Input_Konektivitas!$A$3:$A$563,$A20,Input_Konektivitas!$B$3:$B$563,Z$3,Input_Konektivitas!$D$3:$D$563,">0")+COUNTIFS(Input_Konektivitas!$A$3:$A$563,Z$3,Input_Konektivitas!$B$3:$B$563,$A20,Input_Konektivitas!$D$3:$D$563,">0"))=0,"",SUMIFS(Input_Konektivitas!$D$3:$D$563,Input_Konektivitas!$A$3:$A$563,$A20,Input_Konektivitas!$B$3:$B$563,Z$3)+SUMIFS(Input_Konektivitas!$D$3:$D$563,Input_Konektivitas!$A$3:$A$563,Z$3,Input_Konektivitas!$B$3:$B$563,$A20)) -> 2.5 | ... AI20: =IF((COUNTIFS(Input_Konektivitas!$A$3:$A$563,$A20,Input_Konektivitas!$B$3:$B$563,AI$3,Input_Konektivitas!$D$3:$D$563,">0")+COUNTIFS(Input_Konektivitas!$A$3:$A$563,AI$3,Input_Konektivitas!$B$3:$B$563,$A20,Input_Konektivitas!$D$3:$D$563,">0"))=0,"",SUMIFS(Input_Konektivitas!$D$3:$D$563,Input_Konektivitas!$A$3:$A$563,$A20,Input_Konektivitas!$B$3:$B$563,AI$3)+SUMIFS(Input_Konektivitas!$D$3:$D$563,Input_Konektivitas!$A$3:$A$563,AI$3,Input_Konektivitas!$B$3:$B$563,$A20)) -> 5.83
A21: Nusa Tenggara Barat | B21: =IF((COUNTIFS(Input_Konektivitas!$A$3:$A$563,$A21,Input_Konektivitas!$B$3:$B$563,B$3,Input_Konektivitas!$D$3:$D$563,">0")+COUNTIFS(Input_Konektivitas!$A$3:$A$563,B$3,Input_Konektivitas!$B$3:$B$563,$A21,Input_Konektivitas!$D$3:$D$563,">0"))=0,"",SUMIFS(Input_Konektivitas!$D$3:$D$563,Input_Konektivitas!$A$3:$A$563,$A21,Input_Konektivitas!$B$3:$B$563,B$3)+SUMIFS(Input_Konektivitas!$D$3:$D$563,Input_Konektivitas!$A$3:$A$563,B$3,Input_Konektivitas!$B$3:$B$563,$A21)) -> 7.75 | C21: =IF((COUNTIFS(Input_Konektivitas!$A$3:$A$563,$A21,Input_Konektivitas!$B$3:$B$563,C$3,Input_Konektivitas!$D$3:$D$563,">0")+COUNTIFS(Input_Konektivitas!$A$3:$A$563,C$3,Input_Konektivitas!$B$3:$B$563,$A21,Input_Konektivitas!$D$3:$D$563,">0"))=0,"",SUMIFS(Input_Konektivitas!$D$3:$D$563,Input_Konektivitas!$A$3:$A$563,$A21,Input_Konektivitas!$B$3:$B$563,C$3)+SUMIFS(Input_Konektivitas!$D$3:$D$563,Input_Konektivitas!$A$3:$A$563,C$3,Input_Konektivitas!$B$3:$B$563,$A21)) -> 5.5 | D21: =IF((COUNTIFS(Input_Konektivitas!$A$3:$A$563,$A21,Input_Konektivitas!$B$3:$B$563,D$3,Input_Konektivitas!$D$3:$D$563,">0")+COUNTIFS(Input_Konektivitas!$A$3:$A$563,D$3,Input_Konektivitas!$B$3:$B$563,$A21,Input_Konektivitas!$D$3:$D$563,">0"))=0,"",SUMIFS(Input_Konektivitas!$D$3:$D$563,Input_Konektivitas!$A$3:$A$563,$A21,Input_Konektivitas!$B$3:$B$563,D$3)+SUMIFS(Input_Konektivitas!$D$3:$D$563,Input_Konektivitas!$A$3:$A$563,D$3,Input_Konektivitas!$B$3:$B$563,$A21)) -> 5.33 | E21: =IF((COUNTIFS(Input_Konektivitas!$A$3:$A$563,$A21,Input_Konektivitas!$B$3:$B$563,E$3,Input_Konektivitas!$D$3:$D$563,">0")+COUNTIFS(Input_Konektivitas!$A$3:$A$563,E$3,Input_Konektivitas!$B$3:$B$563,$A21,Input_Konektivitas!$D$3:$D$563,">0"))=0,"",SUMIFS(Input_Konektivitas!$D$3:$D$563,Input_Konektivitas!$A$3:$A$563,$A21,Input_Konektivitas!$B$3:$B$563,E$3)+SUMIFS(Input_Konektivitas!$D$3:$D$563,Input_Konektivitas!$A$3:$A$563,E$3,Input_Konektivitas!$B$3:$B$563,$A21)) -> 4.83 | F21: =IF((COUNTIFS(Input_Konektivitas!$A$3:$A$563,$A21,Input_Konektivitas!$B$3:$B$563,F$3,Input_Konektivitas!$D$3:$D$563,">0")+COUNTIFS(Input_Konektivitas!$A$3:$A$563,F$3,Input_Konektivitas!$B$3:$B$563,$A21,Input_Konektivitas!$D$3:$D$563,">0"))=0,"",SUMIFS(Input_Konektivitas!$D$3:$D$563,Input_Konektivitas!$A$3:$A$563,$A21,Input_Konektivitas!$B$3:$B$563,F$3)+SUMIFS(Input_Konektivitas!$D$3:$D$563,Input_Konektivitas!$A$3:$A$563,F$3,Input_Konektivitas!$B$3:$B$563,$A21)) -> 4.5 | G21: =IF((COUNTIFS(Input_Konektivitas!$A$3:$A$563,$A21,Input_Konektivitas!$B$3:$B$563,G$3,Input_Konektivitas!$D$3:$D$563,">0")+COUNTIFS(Input_Konektivitas!$A$3:$A$563,G$3,Input_Konektivitas!$B$3:$B$563,$A21,Input_Konektivitas!$D$3:$D$563,">0"))=0,"",SUMIFS(Input_Konektivitas!$D$3:$D$563,Input_Konektivitas!$A$3:$A$563,$A21,Input_Konektivitas!$B$3:$B$563,G$3)+SUMIFS(Input_Konektivitas!$D$3:$D$563,Input_Konektivitas!$A$3:$A$563,G$3,Input_Konektivitas!$B$3:$B$563,$A21)) -> 5.17 | H21: =IF((COUNTIFS(Input_Konektivitas!$A$3:$A$563,$A21,Input_Konektivitas!$B$3:$B$563,H$3,Input_Konektivitas!$D$3:$D$563,">0")+COUNTIFS(Input_Konektivitas!$A$3:$A$563,H$3,Input_Konektivitas!$B$3:$B$563,$A21,Input_Konektivitas!$D$3:$D$563,">0"))=0,"",SUMIFS(Input_Konektivitas!$D$3:$D$563,Input_Konektivitas!$A$3:$A$563,$A21,Input_Konektivitas!$B$3:$B$563,H$3)+SUMIFS(Input_Konektivitas!$D$3:$D$563,Input_Konektivitas!$A$3:$A$563,H$3,Input_Konektivitas!$B$3:$B$563,$A21)) -> 5.5 | I21: =IF((COUNTIFS(Input_Konektivitas!$A$3:$A$563,$A21,Input_Konektivitas!$B$3:$B$563,I$3,Input_Konektivitas!$D$3:$D$563,">0")+COUNTIFS(Input_Konektivitas!$A$3:$A$563,I$3,Input_Konektivitas!$B$3:$B$563,$A21,Input_Konektivitas!$D$3:$D$563,">0"))=0,"",SUMIFS(Input_Konektivitas!$D$3:$D$563,Input_Konektivitas!$A$3:$A$563,$A21,Input_Konektivitas!$B$3:$B$563,I$3)+SUMIFS(Input_Konektivitas!$D$3:$D$563,Input_Konektivitas!$A$3:$A$563,I$3,Input_Konektivitas!$B$3:$B$563,$A21)) -> 3.92 | ... R21: =IF((COUNTIFS(Input_Konektivitas!$A$3:$A$563,$A21,Input_Konektivitas!$B$3:$B$563,R$3,Input_Konektivitas!$D$3:$D$563,">0")+COUNTIFS(Input_Konektivitas!$A$3:$A$563,R$3,Input_Konektivitas!$B$3:$B$563,$A21,Input_Konektivitas!$D$3:$D$563,">0"))=0,"",SUMIFS(Input_Konektivitas!$D$3:$D$563,Input_Konektivitas!$A$3:$A$563,$A21,Input_Konektivitas!$B$3:$B$563,R$3)+SUMIFS(Input_Konektivitas!$D$3:$D$563,Input_Konektivitas!$A$3:$A$563,R$3,Input_Konektivitas!$B$3:$B$563,$A21)) -> 0.666 | S21: 0 | T21: =IF((COUNTIFS(Input_Konektivitas!$A$3:$A$563,$A21,Input_Konektivitas!$B$3:$B$563,T$3,Input_Konektivitas!$D$3:$D$563,">0")+COUNTIFS(Input_Konektivitas!$A$3:$A$563,T$3,Input_Konektivitas!$B$3:$B$563,$A21,Input_Konektivitas!$D$3:$D$563,">0"))=0,"",SUMIFS(Input_Konektivitas!$D$3:$D$563,Input_Konektivitas!$A$3:$A$563,$A21,Input_Konektivitas!$B$3:$B$563,T$3)+SUMIFS(Input_Konektivitas!$D$3:$D$563,Input_Konektivitas!$A$3:$A$563,T$3,Input_Konektivitas!$B$3:$B$563,$A21)) -> 1.25 | U21: =IF((COUNTIFS(Input_Konektivitas!$A$3:$A$563,$A21,Input_Konektivitas!$B$3:$B$563,U$3,Input_Konektivitas!$D$3:$D$563,">0")+COUNTIFS(Input_Konektivitas!$A$3:$A$563,U$3,Input_Konektivitas!$B$3:$B$563,$A21,Input_Konektivitas!$D$3:$D$563,">0"))=0,"",SUMIFS(Input_Konektivitas!$D$3:$D$563,Input_Konektivitas!$A$3:$A$563,$A21,Input_Konektivitas!$B$3:$B$563,U$3)+SUMIFS(Input_Konektivitas!$D$3:$D$563,Input_Konektivitas!$A$3:$A$563,U$3,Input_Konektivitas!$B$3:$B$563,$A21)) -> 4.916 | V21: =IF((COUNTIFS(Input_Konektivitas!$A$3:$A$563,$A21,Input_Konektivitas!$B$3:$B$563,V$3,Input_Konektivitas!$D$3:$D$563,">0")+COUNTIFS(Input_Konektivitas!$A$3:$A$563,V$3,Input_Konektivitas!$B$3:$B$563,$A21,Input_Konektivitas!$D$3:$D$563,">0"))=0,"",SUMIFS(Input_Konektivitas!$D$3:$D$563,Input_Konektivitas!$A$3:$A$563,$A21,Input_Konektivitas!$B$3:$B$563,V$3)+SUMIFS(Input_Konektivitas!$D$3:$D$563,Input_Konektivitas!$A$3:$A$563,V$3,Input_Konektivitas!$B$3:$B$563,$A21)) -> 5.25 | W21: =IF((COUNTIFS(Input_Konektivitas!$A$3:$A$563,$A21,Input_Konektivitas!$B$3:$B$563,W$3,Input_Konektivitas!$D$3:$D$563,">0")+COUNTIFS(Input_Konektivitas!$A$3:$A$563,W$3,Input_Konektivitas!$B$3:$B$563,$A21,Input_Konektivitas!$D$3:$D$563,">0"))=0,"",SUMIFS(Input_Konektivitas!$D$3:$D$563,Input_Konektivitas!$A$3:$A$563,$A21,Input_Konektivitas!$B$3:$B$563,W$3)+SUMIFS(Input_Konektivitas!$D$3:$D$563,Input_Konektivitas!$A$3:$A$563,W$3,Input_Konektivitas!$B$3:$B$563,$A21)) -> 2.916 | X21: =IF((COUNTIFS(Input_Konektivitas!$A$3:$A$563,$A21,Input_Konektivitas!$B$3:$B$563,X$3,Input_Konektivitas!$D$3:$D$563,">0")+COUNTIFS(Input_Konektivitas!$A$3:$A$563,X$3,Input_Konektivitas!$B$3:$B$563,$A21,Input_Konektivitas!$D$3:$D$563,">0"))=0,"",SUMIFS(Input_Konektivitas!$D$3:$D$563,Input_Konektivitas!$A$3:$A$563,$A21,Input_Konektivitas!$B$3:$B$563,X$3)+SUMIFS(Input_Konektivitas!$D$3:$D$563,Input_Konektivitas!$A$3:$A$563,X$3,Input_Konektivitas!$B$3:$B$563,$A21)) -> 1.5833 | Y21: =IF((COUNTIFS(Input_Konektivitas!$A$3:$A$563,$A21,Input_Konektivitas!$B$3:$B$563,Y$3,Input_Konektivitas!$D$3:$D$563,">0")+COUNTIFS(Input_Konektivitas!$A$3:$A$563,Y$3,Input_Konektivitas!$B$3:$B$563,$A21,Input_Konektivitas!$D$3:$D$563,">0"))=0,"",SUMIFS(Input_Konektivitas!$D$3:$D$563,Input_Konektivitas!$A$3:$A$563,$A21,Input_Konektivitas!$B$3:$B$563,Y$3)+SUMIFS(Input_Konektivitas!$D$3:$D$563,Input_Konektivitas!$A$3:$A$563,Y$3,Input_Konektivitas!$B$3:$B$563,$A21)) -> 7.9166 | Z21: =IF((COUNTIFS(Input_Konektivitas!$A$3:$A$563,$A21,Input_Konektivitas!$B$3:$B$563,Z$3,Input_Konektivitas!$D$3:$D$563,">0")+COUNTIFS(Input_Konektivitas!$A$3:$A$563,Z$3,Input_Konektivitas!$B$3:$B$563,$A21,Input_Konektivitas!$D$3:$D$563,">0"))=0,"",SUMIFS(Input_Konektivitas!$D$3:$D$563,Input_Konektivitas!$A$3:$A$563,$A21,Input_Konektivitas!$B$3:$B$563,Z$3)+SUMIFS(Input_Konektivitas!$D$3:$D$563,Input_Konektivitas!$A$3:$A$563,Z$3,Input_Konektivitas!$B$3:$B$563,$A21)) -> 4 | AA21: =IF((COUNTIFS(Input_Konektivitas!$A$3:$A$563,$A21,Input_Konektivitas!$B$3:$B$563,AA$3,Input_Konektivitas!$D$3:$D$563,">0")+COUNTIFS(Input_Konektivitas!$A$3:$A$563,AA$3,Input_Konektivitas!$B$3:$B$563,$A21,Input_Konektivitas!$D$3:$D$563,">0"))=0,"",SUMIFS(Input_Konektivitas!$D$3:$D$563,Input_Konektivitas!$A$3:$A$563,$A21,Input_Konektivitas!$B$3:$B$563,AA$3)+SUMIFS(Input_Konektivitas!$D$3:$D$563,Input_Konektivitas!$A$3:$A$563,AA$3,Input_Konektivitas!$B$3:$B$563,$A21)) -> 6.75 | ... AI21: =IF((COUNTIFS(Input_Konektivitas!$A$3:$A$563,$A21,Input_Konektivitas!$B$3:$B$563,AI$3,Input_Konektivitas!$D$3:$D$563,">0")+COUNTIFS(Input_Konektivitas!$A$3:$A$563,AI$3,Input_Konektivitas!$B$3:$B$563,$A21,Input_Konektivitas!$D$3:$D$563,">0"))=0,"",SUMIFS(Input_Konektivitas!$D$3:$D$563,Input_Konektivitas!$A$3:$A$563,$A21,Input_Konektivitas!$B$3:$B$563,AI$3)+SUMIFS(Input_Konektivitas!$D$3:$D$563,Input_Konektivitas!$A$3:$A$563,AI$3,Input_Konektivitas!$B$3:$B$563,$A21)) -> 10.916
A22: Nusa Tenggara Timur | B22: =IF((COUNTIFS(Input_Konektivitas!$A$3:$A$563,$A22,Input_Konektivitas!$B$3:$B$563,B$3,Input_Konektivitas!$D$3:$D$563,">0")+COUNTIFS(Input_Konektivitas!$A$3:$A$563,B$3,Input_Konektivitas!$B$3:$B$563,$A22,Input_Konektivitas!$D$3:$D$563,">0"))=0,"",SUMIFS(Input_Konektivitas!$D$3:$D$563,Input_Konektivitas!$A$3:$A$563,$A22,Input_Konektivitas!$B$3:$B$563,B$3)+SUMIFS(Input_Konektivitas!$D$3:$D$563,Input_Konektivitas!$A$3:$A$563,B$3,Input_Konektivitas!$B$3:$B$563,$A22)) -> 12.25 | C22: =IF((COUNTIFS(Input_Konektivitas!$A$3:$A$563,$A22,Input_Konektivitas!$B$3:$B$563,C$3,Input_Konektivitas!$D$3:$D$563,">0")+COUNTIFS(Input_Konektivitas!$A$3:$A$563,C$3,Input_Konektivitas!$B$3:$B$563,$A22,Input_Konektivitas!$D$3:$D$563,">0"))=0,"",SUMIFS(Input_Konektivitas!$D$3:$D$563,Input_Konektivitas!$A$3:$A$563,$A22,Input_Konektivitas!$B$3:$B$563,C$3)+SUMIFS(Input_Konektivitas!$D$3:$D$563,Input_Konektivitas!$A$3:$A$563,C$3,Input_Konektivitas!$B$3:$B$563,$A22)) -> 10.17 | D22: =IF((COUNTIFS(Input_Konektivitas!$A$3:$A$563,$A22,Input_Konektivitas!$B$3:$B$563,D$3,Input_Konektivitas!$D$3:$D$563,">0")+COUNTIFS(Input_Konektivitas!$A$3:$A$563,D$3,Input_Konektivitas!$B$3:$B$563,$A22,Input_Konektivitas!$D$3:$D$563,">0"))=0,"",SUMIFS(Input_Konektivitas!$D$3:$D$563,Input_Konektivitas!$A$3:$A$563,$A22,Input_Konektivitas!$B$3:$B$563,D$3)+SUMIFS(Input_Konektivitas!$D$3:$D$563,Input_Konektivitas!$A$3:$A$563,D$3,Input_Konektivitas!$B$3:$B$563,$A22)) -> 8.92 | E22: =IF((COUNTIFS(Input_Konektivitas!$A$3:$A$563,$A22,Input_Konektivitas!$B$3:$B$563,E$3,Input_Konektivitas!$D$3:$D$563,">0")+COUNTIFS(Input_Konektivitas!$A$3:$A$563,E$3,Input_Konektivitas!$B$3:$B$563,$A22,Input_Konektivitas!$D$3:$D$563,">0"))=0,"",SUMIFS(Input_Konektivitas!$D$3:$D$563,Input_Konektivitas!$A$3:$A$563,$A22,Input_Konektivitas!$B$3:$B$563,E$3)+SUMIFS(Input_Konektivitas!$D$3:$D$563,Input_Konektivitas!$A$3:$A$563,E$3,Input_Konektivitas!$B$3:$B$563,$A22)) -> 7.08 | F22: =IF((COUNTIFS(Input_Konektivitas!$A$3:$A$563,$A22,Input_Konektivitas!$B$3:$B$563,F$3,Input_Konektivitas!$D$3:$D$563,">0")+COUNTIFS(Input_Konektivitas!$A$3:$A$563,F$3,Input_Konektivitas!$B$3:$B$563,$A22,Input_Konektivitas!$D$3:$D$563,">0"))=0,"",SUMIFS(Input_Konektivitas!$D$3:$D$563,Input_Konektivitas!$A$3:$A$563,$A22,Input_Konektivitas!$B$3:$B$563,F$3)+SUMIFS(Input_Konektivitas!$D$3:$D$563,Input_Konektivitas!$A$3:$A$563,F$3,Input_Konektivitas!$B$3:$B$563,$A22)) -> 7.17 | G22: =IF((COUNTIFS(Input_Konektivitas!$A$3:$A$563,$A22,Input_Konektivitas!$B$3:$B$563,G$3,Input_Konektivitas!$D$3:$D$563,">0")+COUNTIFS(Input_Konektivitas!$A$3:$A$563,G$3,Input_Konektivitas!$B$3:$B$563,$A22,Input_Konektivitas!$D$3:$D$563,">0"))=0,"",SUMIFS(Input_Konektivitas!$D$3:$D$563,Input_Konektivitas!$A$3:$A$563,$A22,Input_Konektivitas!$B$3:$B$563,G$3)+SUMIFS(Input_Konektivitas!$D$3:$D$563,Input_Konektivitas!$A$3:$A$563,G$3,Input_Konektivitas!$B$3:$B$563,$A22)) -> 8.58 | H22: =IF((COUNTIFS(Input_Konektivitas!$A$3:$A$563,$A22,Input_Konektivitas!$B$3:$B$563,H$3,Input_Konektivitas!$D$3:$D$563,">0")+COUNTIFS(Input_Konektivitas!$A$3:$A$563,H$3,Input_Konektivitas!$B$3:$B$563,$A22,Input_Konektivitas!$D$3:$D$563,">0"))=0,"",SUMIFS(Input_Konektivitas!$D$3:$D$563,Input_Konektivitas!$A$3:$A$563,$A22,Input_Konektivitas!$B$3:$B$563,H$3)+SUMIFS(Input_Konektivitas!$D$3:$D$563,Input_Konektivitas!$A$3:$A$563,H$3,Input_Konektivitas!$B$3:$B$563,$A22)) -> 7.25 | I22: =IF((COUNTIFS(Input_Konektivitas!$A$3:$A$563,$A22,Input_Konektivitas!$B$3:$B$563,I$3,Input_Konektivitas!$D$3:$D$563,">0")+COUNTIFS(Input_Konektivitas!$A$3:$A$563,I$3,Input_Konektivitas!$B$3:$B$563,$A22,Input_Konektivitas!$D$3:$D$563,">0"))=0,"",SUMIFS(Input_Konektivitas!$D$3:$D$563,Input_Konektivitas!$A$3:$A$563,$A22,Input_Konektivitas!$B$3:$B$563,I$3)+SUMIFS(Input_Konektivitas!$D$3:$D$563,Input_Konektivitas!$A$3:$A$563,I$3,Input_Konektivitas!$B$3:$B$563,$A22)) -> 11.92 | ... S22: =IF((COUNTIFS(Input_Konektivitas!$A$3:$A$563,$A22,Input_Konektivitas!$B$3:$B$563,S$3,Input_Konektivitas!$D$3:$D$563,">0")+COUNTIFS(Input_Konektivitas!$A$3:$A$563,S$3,Input_Konektivitas!$B$3:$B$563,$A22,Input_Konektivitas!$D$3:$D$563,">0"))=0,"",SUMIFS(Input_Konektivitas!$D$3:$D$563,Input_Konektivitas!$A$3:$A$563,$A22,Input_Konektivitas!$B$3:$B$563,S$3)+SUMIFS(Input_Konektivitas!$D$3:$D$563,Input_Konektivitas!$A$3:$A$563,S$3,Input_Konektivitas!$B$3:$B$563,$A22)) -> 1.25 | T22: 0 | U22: =IF((COUNTIFS(Input_Konektivitas!$A$3:$A$563,$A22,Input_Konektivitas!$B$3:$B$563,U$3,Input_Konektivitas!$D$3:$D$563,">0")+COUNTIFS(Input_Konektivitas!$A$3:$A$563,U$3,Input_Konektivitas!$B$3:$B$563,$A22,Input_Konektivitas!$D$3:$D$563,">0"))=0,"",SUMIFS(Input_Konektivitas!$D$3:$D$563,Input_Konektivitas!$A$3:$A$563,$A22,Input_Konektivitas!$B$3:$B$563,U$3)+SUMIFS(Input_Konektivitas!$D$3:$D$563,Input_Konektivitas!$A$3:$A$563,U$3,Input_Konektivitas!$B$3:$B$563,$A22)) -> 4.5833 | V22: =IF((COUNTIFS(Input_Konektivitas!$A$3:$A$563,$A22,Input_Konektivitas!$B$3:$B$563,V$3,Input_Konektivitas!$D$3:$D$563,">0")+COUNTIFS(Input_Konektivitas!$A$3:$A$563,V$3,Input_Konektivitas!$B$3:$B$563,$A22,Input_Konektivitas!$D$3:$D$563,">0"))=0,"",SUMIFS(Input_Konektivitas!$D$3:$D$563,Input_Konektivitas!$A$3:$A$563,$A22,Input_Konektivitas!$B$3:$B$563,V$3)+SUMIFS(Input_Konektivitas!$D$3:$D$563,Input_Konektivitas!$A$3:$A$563,V$3,Input_Konektivitas!$B$3:$B$563,$A22)) -> 8.4166 | W22: =IF((COUNTIFS(Input_Konektivitas!$A$3:$A$563,$A22,Input_Konektivitas!$B$3:$B$563,W$3,Input_Konektivitas!$D$3:$D$563,">0")+COUNTIFS(Input_Konektivitas!$A$3:$A$563,W$3,Input_Konektivitas!$B$3:$B$563,$A22,Input_Konektivitas!$D$3:$D$563,">0"))=0,"",SUMIFS(Input_Konektivitas!$D$3:$D$563,Input_Konektivitas!$A$3:$A$563,$A22,Input_Konektivitas!$B$3:$B$563,W$3)+SUMIFS(Input_Konektivitas!$D$3:$D$563,Input_Konektivitas!$A$3:$A$563,W$3,Input_Konektivitas!$B$3:$B$563,$A22)) -> 5.25 | X22: =IF((COUNTIFS(Input_Konektivitas!$A$3:$A$563,$A22,Input_Konektivitas!$B$3:$B$563,X$3,Input_Konektivitas!$D$3:$D$563,">0")+COUNTIFS(Input_Konektivitas!$A$3:$A$563,X$3,Input_Konektivitas!$B$3:$B$563,$A22,Input_Konektivitas!$D$3:$D$563,">0"))=0,"",SUMIFS(Input_Konektivitas!$D$3:$D$563,Input_Konektivitas!$A$3:$A$563,$A22,Input_Konektivitas!$B$3:$B$563,X$3)+SUMIFS(Input_Konektivitas!$D$3:$D$563,Input_Konektivitas!$A$3:$A$563,X$3,Input_Konektivitas!$B$3:$B$563,$A22)) -> 3.75 | Y22: =IF((COUNTIFS(Input_Konektivitas!$A$3:$A$563,$A22,Input_Konektivitas!$B$3:$B$563,Y$3,Input_Konektivitas!$D$3:$D$563,">0")+COUNTIFS(Input_Konektivitas!$A$3:$A$563,Y$3,Input_Konektivitas!$B$3:$B$563,$A22,Input_Konektivitas!$D$3:$D$563,">0"))=0,"",SUMIFS(Input_Konektivitas!$D$3:$D$563,Input_Konektivitas!$A$3:$A$563,$A22,Input_Konektivitas!$B$3:$B$563,Y$3)+SUMIFS(Input_Konektivitas!$D$3:$D$563,Input_Konektivitas!$A$3:$A$563,Y$3,Input_Konektivitas!$B$3:$B$563,$A22)) -> 10 | Z22: =IF((COUNTIFS(Input_Konektivitas!$A$3:$A$563,$A22,Input_Konektivitas!$B$3:$B$563,Z$3,Input_Konektivitas!$D$3:$D$563,">0")+COUNTIFS(Input_Konektivitas!$A$3:$A$563,Z$3,Input_Konektivitas!$B$3:$B$563,$A22,Input_Konektivitas!$D$3:$D$563,">0"))=0,"",SUMIFS(Input_Konektivitas!$D$3:$D$563,Input_Konektivitas!$A$3:$A$563,$A22,Input_Konektivitas!$B$3:$B$563,Z$3)+SUMIFS(Input_Konektivitas!$D$3:$D$563,Input_Konektivitas!$A$3:$A$563,Z$3,Input_Konektivitas!$B$3:$B$563,$A22)) -> 6.5 | AA22: =IF((COUNTIFS(Input_Konektivitas!$A$3:$A$563,$A22,Input_Konektivitas!$B$3:$B$563,AA$3,Input_Konektivitas!$D$3:$D$563,">0")+COUNTIFS(Input_Konektivitas!$A$3:$A$563,AA$3,Input_Konektivitas!$B$3:$B$563,$A22,Input_Konektivitas!$D$3:$D$563,">0"))=0,"",SUMIFS(Input_Konektivitas!$D$3:$D$563,Input_Konektivitas!$A$3:$A$563,$A22,Input_Konektivitas!$B$3:$B$563,AA$3)+SUMIFS(Input_Konektivitas!$D$3:$D$563,Input_Konektivitas!$A$3:$A$563,AA$3,Input_Konektivitas!$B$3:$B$563,$A22)) -> 12.5 | AB22: =IF((COUNTIFS(Input_Konektivitas!$A$3:$A$563,$A22,Input_Konektivitas!$B$3:$B$563,AB$3,Input_Konektivitas!$D$3:$D$563,">0")+COUNTIFS(Input_Konektivitas!$A$3:$A$563,AB$3,Input_Konektivitas!$B$3:$B$563,$A22,Input_Konektivitas!$D$3:$D$563,">0"))=0,"",SUMIFS(Input_Konektivitas!$D$3:$D$563,Input_Konektivitas!$A$3:$A$563,$A22,Input_Konektivitas!$B$3:$B$563,AB$3)+SUMIFS(Input_Konektivitas!$D$3:$D$563,Input_Konektivitas!$A$3:$A$563,AB$3,Input_Konektivitas!$B$3:$B$563,$A22)) -> 1.666 | ... AI22: =IF((COUNTIFS(Input_Konektivitas!$A$3:$A$563,$A22,Input_Konektivitas!$B$3:$B$563,AI$3,Input_Konektivitas!$D$3:$D$563,">0")+COUNTIFS(Input_Konektivitas!$A$3:$A$563,AI$3,Input_Konektivitas!$B$3:$B$563,$A22,Input_Konektivitas!$D$3:$D$563,">0"))=0,"",SUMIFS(Input_Konektivitas!$D$3:$D$563,Input_Konektivitas!$A$3:$A$563,$A22,Input_Konektivitas!$B$3:$B$563,AI$3)+SUMIFS(Input_Konektivitas!$D$3:$D$563,Input_Konektivitas!$A$3:$A$563,AI$3,Input_Konektivitas!$B$3:$B$563,$A22)) -> 11.5833
A23: Kalimantan Barat | B23: =IF((COUNTIFS(Input_Konektivitas!$A$3:$A$563,$A23,Input_Konektivitas!$B$3:$B$563,B$3,Input_Konektivitas!$D$3:$D$563,">0")+COUNTIFS(Input_Konektivitas!$A$3:$A$563,B$3,Input_Konektivitas!$B$3:$B$563,$A23,Input_Konektivitas!$D$3:$D$563,">0"))=0,"",SUMIFS(Input_Konektivitas!$D$3:$D$563,Input_Konektivitas!$A$3:$A$563,$A23,Input_Konektivitas!$B$3:$B$563,B$3)+SUMIFS(Input_Konektivitas!$D$3:$D$563,Input_Konektivitas!$A$3:$A$563,B$3,Input_Konektivitas!$B$3:$B$563,$A23)) -> 5.5 | C23: =IF((COUNTIFS(Input_Konektivitas!$A$3:$A$563,$A23,Input_Konektivitas!$B$3:$B$563,C$3,Input_Konektivitas!$D$3:$D$563,">0")+COUNTIFS(Input_Konektivitas!$A$3:$A$563,C$3,Input_Konektivitas!$B$3:$B$563,$A23,Input_Konektivitas!$D$3:$D$563,">0"))=0,"",SUMIFS(Input_Konektivitas!$D$3:$D$563,Input_Konektivitas!$A$3:$A$563,$A23,Input_Konektivitas!$B$3:$B$563,C$3)+SUMIFS(Input_Konektivitas!$D$3:$D$563,Input_Konektivitas!$A$3:$A$563,C$3,Input_Konektivitas!$B$3:$B$563,$A23)) -> 4.33 | D23: =IF((COUNTIFS(Input_Konektivitas!$A$3:$A$563,$A23,Input_Konektivitas!$B$3:$B$563,D$3,Input_Konektivitas!$D$3:$D$563,">0")+COUNTIFS(Input_Konektivitas!$A$3:$A$563,D$3,Input_Konektivitas!$B$3:$B$563,$A23,Input_Konektivitas!$D$3:$D$563,">0"))=0,"",SUMIFS(Input_Konektivitas!$D$3:$D$563,Input_Konektivitas!$A$3:$A$563,$A23,Input_Konektivitas!$B$3:$B$563,D$3)+SUMIFS(Input_Konektivitas!$D$3:$D$563,Input_Konektivitas!$A$3:$A$563,D$3,Input_Konektivitas!$B$3:$B$563,$A23)) -> 4.25 | E23: =IF((COUNTIFS(Input_Konektivitas!$A$3:$A$563,$A23,Input_Konektivitas!$B$3:$B$563,E$3,Input_Konektivitas!$D$3:$D$563,">0")+COUNTIFS(Input_Konektivitas!$A$3:$A$563,E$3,Input_Konektivitas!$B$3:$B$563,$A23,Input_Konektivitas!$D$3:$D$563,">0"))=0,"",SUMIFS(Input_Konektivitas!$D$3:$D$563,Input_Konektivitas!$A$3:$A$563,$A23,Input_Konektivitas!$B$3:$B$563,E$3)+SUMIFS(Input_Konektivitas!$D$3:$D$563,Input_Konektivitas!$A$3:$A$563,E$3,Input_Konektivitas!$B$3:$B$563,$A23)) -> 4.83 | F23: =IF((COUNTIFS(Input_Konektivitas!$A$3:$A$563,$A23,Input_Konektivitas!$B$3:$B$563,F$3,Input_Konektivitas!$D$3:$D$563,">0")+COUNTIFS(Input_Konektivitas!$A$3:$A$563,F$3,Input_Konektivitas!$B$3:$B$563,$A23,Input_Konektivitas!$D$3:$D$563,">0"))=0,"",SUMIFS(Input_Konektivitas!$D$3:$D$563,Input_Konektivitas!$A$3:$A$563,$A23,Input_Konektivitas!$B$3:$B$563,F$3)+SUMIFS(Input_Konektivitas!$D$3:$D$563,Input_Konektivitas!$A$3:$A$563,F$3,Input_Konektivitas!$B$3:$B$563,$A23)) -> 3.92 | G23: =IF((COUNTIFS(Input_Konektivitas!$A$3:$A$563,$A23,Input_Konektivitas!$B$3:$B$563,G$3,Input_Konektivitas!$D$3:$D$563,">0")+COUNTIFS(Input_Konektivitas!$A$3:$A$563,G$3,Input_Konektivitas!$B$3:$B$563,$A23,Input_Konektivitas!$D$3:$D$563,">0"))=0,"",SUMIFS(Input_Konektivitas!$D$3:$D$563,Input_Konektivitas!$A$3:$A$563,$A23,Input_Konektivitas!$B$3:$B$563,G$3)+SUMIFS(Input_Konektivitas!$D$3:$D$563,Input_Konektivitas!$A$3:$A$563,G$3,Input_Konektivitas!$B$3:$B$563,$A23)) -> 3.83 | H23: =IF((COUNTIFS(Input_Konektivitas!$A$3:$A$563,$A23,Input_Konektivitas!$B$3:$B$563,H$3,Input_Konektivitas!$D$3:$D$563,">0")+COUNTIFS(Input_Konektivitas!$A$3:$A$563,H$3,Input_Konektivitas!$B$3:$B$563,$A23,Input_Konektivitas!$D$3:$D$563,">0"))=0,"",SUMIFS(Input_Konektivitas!$D$3:$D$563,Input_Konektivitas!$A$3:$A$563,$A23,Input_Konektivitas!$B$3:$B$563,H$3)+SUMIFS(Input_Konektivitas!$D$3:$D$563,Input_Konektivitas!$A$3:$A$563,H$3,Input_Konektivitas!$B$3:$B$563,$A23)) -> 3.75 | I23: =IF((COUNTIFS(Input_Konektivitas!$A$3:$A$563,$A23,Input_Konektivitas!$B$3:$B$563,I$3,Input_Konektivitas!$D$3:$D$563,">0")+COUNTIFS(Input_Konektivitas!$A$3:$A$563,I$3,Input_Konektivitas!$B$3:$B$563,$A23,Input_Konektivitas!$D$3:$D$563,">0"))=0,"",SUMIFS(Input_Konektivitas!$D$3:$D$563,Input_Konektivitas!$A$3:$A$563,$A23,Input_Konektivitas!$B$3:$B$563,I$3)+SUMIFS(Input_Konektivitas!$D$3:$D$563,Input_Konektivitas!$A$3:$A$563,I$3,Input_Konektivitas!$B$3:$B$563,$A23)) -> 3.17 | ... T23: =IF((COUNTIFS(Input_Konektivitas!$A$3:$A$563,$A23,Input_Konektivitas!$B$3:$B$563,T$3,Input_Konektivitas!$D$3:$D$563,">0")+COUNTIFS(Input_Konektivitas!$A$3:$A$563,T$3,Input_Konektivitas!$B$3:$B$563,$A23,Input_Konektivitas!$D$3:$D$563,">0"))=0,"",SUMIFS(Input_Konektivitas!$D$3:$D$563,Input_Konektivitas!$A$3:$A$563,$A23,Input_Konektivitas!$B$3:$B$563,T$3)+SUMIFS(Input_Konektivitas!$D$3:$D$563,Input_Konektivitas!$A$3:$A$563,T$3,Input_Konektivitas!$B$3:$B$563,$A23)) -> 4.5833 | U23: 0 | V23: =IF((COUNTIFS(Input_Konektivitas!$A$3:$A$563,$A23,Input_Konektivitas!$B$3:$B$563,V$3,Input_Konektivitas!$D$3:$D$563,">0")+COUNTIFS(Input_Konektivitas!$A$3:$A$563,V$3,Input_Konektivitas!$B$3:$B$563,$A23,Input_Konektivitas!$D$3:$D$563,">0"))=0,"",SUMIFS(Input_Konektivitas!$D$3:$D$563,Input_Konektivitas!$A$3:$A$563,$A23,Input_Konektivitas!$B$3:$B$563,V$3)+SUMIFS(Input_Konektivitas!$D$3:$D$563,Input_Konektivitas!$A$3:$A$563,V$3,Input_Konektivitas!$B$3:$B$563,$A23)) -> 4.0833 | W23: =IF((COUNTIFS(Input_Konektivitas!$A$3:$A$563,$A23,Input_Konektivitas!$B$3:$B$563,W$3,Input_Konektivitas!$D$3:$D$563,">0")+COUNTIFS(Input_Konektivitas!$A$3:$A$563,W$3,Input_Konektivitas!$B$3:$B$563,$A23,Input_Konektivitas!$D$3:$D$563,">0"))=0,"",SUMIFS(Input_Konektivitas!$D$3:$D$563,Input_Konektivitas!$A$3:$A$563,$A23,Input_Konektivitas!$B$3:$B$563,W$3)+SUMIFS(Input_Konektivitas!$D$3:$D$563,Input_Konektivitas!$A$3:$A$563,W$3,Input_Konektivitas!$B$3:$B$563,$A23)) -> 4.33 | X23: =IF((COUNTIFS(Input_Konektivitas!$A$3:$A$563,$A23,Input_Konektivitas!$B$3:$B$563,X$3,Input_Konektivitas!$D$3:$D$563,">0")+COUNTIFS(Input_Konektivitas!$A$3:$A$563,X$3,Input_Konektivitas!$B$3:$B$563,$A23,Input_Konektivitas!$D$3:$D$563,">0"))=0,"",SUMIFS(Input_Konektivitas!$D$3:$D$563,Input_Konektivitas!$A$3:$A$563,$A23,Input_Konektivitas!$B$3:$B$563,X$3)+SUMIFS(Input_Konektivitas!$D$3:$D$563,Input_Konektivitas!$A$3:$A$563,X$3,Input_Konektivitas!$B$3:$B$563,$A23)) -> 1.5833 | Y23: =IF((COUNTIFS(Input_Konektivitas!$A$3:$A$563,$A23,Input_Konektivitas!$B$3:$B$563,Y$3,Input_Konektivitas!$D$3:$D$563,">0")+COUNTIFS(Input_Konektivitas!$A$3:$A$563,Y$3,Input_Konektivitas!$B$3:$B$563,$A23,Input_Konektivitas!$D$3:$D$563,">0"))=0,"",SUMIFS(Input_Konektivitas!$D$3:$D$563,Input_Konektivitas!$A$3:$A$563,$A23,Input_Konektivitas!$B$3:$B$563,Y$3)+SUMIFS(Input_Konektivitas!$D$3:$D$563,Input_Konektivitas!$A$3:$A$563,Y$3,Input_Konektivitas!$B$3:$B$563,$A23)) -> 5.33 | Z23: =IF((COUNTIFS(Input_Konektivitas!$A$3:$A$563,$A23,Input_Konektivitas!$B$3:$B$563,Z$3,Input_Konektivitas!$D$3:$D$563,">0")+COUNTIFS(Input_Konektivitas!$A$3:$A$563,Z$3,Input_Konektivitas!$B$3:$B$563,$A23,Input_Konektivitas!$D$3:$D$563,">0"))=0,"",SUMIFS(Input_Konektivitas!$D$3:$D$563,Input_Konektivitas!$A$3:$A$563,$A23,Input_Konektivitas!$B$3:$B$563,Z$3)+SUMIFS(Input_Konektivitas!$D$3:$D$563,Input_Konektivitas!$A$3:$A$563,Z$3,Input_Konektivitas!$B$3:$B$563,$A23)) -> 7.75 | AA23: =IF((COUNTIFS(Input_Konektivitas!$A$3:$A$563,$A23,Input_Konektivitas!$B$3:$B$563,AA$3,Input_Konektivitas!$D$3:$D$563,">0")+COUNTIFS(Input_Konektivitas!$A$3:$A$563,AA$3,Input_Konektivitas!$B$3:$B$563,$A23,Input_Konektivitas!$D$3:$D$563,">0"))=0,"",SUMIFS(Input_Konektivitas!$D$3:$D$563,Input_Konektivitas!$A$3:$A$563,$A23,Input_Konektivitas!$B$3:$B$563,AA$3)+SUMIFS(Input_Konektivitas!$D$3:$D$563,Input_Konektivitas!$A$3:$A$563,AA$3,Input_Konektivitas!$B$3:$B$563,$A23)) -> 7.75 | AB23: =IF((COUNTIFS(Input_Konektivitas!$A$3:$A$563,$A23,Input_Konektivitas!$B$3:$B$563,AB$3,Input_Konektivitas!$D$3:$D$563,">0")+COUNTIFS(Input_Konektivitas!$A$3:$A$563,AB$3,Input_Konektivitas!$B$3:$B$563,$A23,Input_Konektivitas!$D$3:$D$563,">0"))=0,"",SUMIFS(Input_Konektivitas!$D$3:$D$563,Input_Konektivitas!$A$3:$A$563,$A23,Input_Konektivitas!$B$3:$B$563,AB$3)+SUMIFS(Input_Konektivitas!$D$3:$D$563,Input_Konektivitas!$A$3:$A$563,AB$3,Input_Konektivitas!$B$3:$B$563,$A23)) -> 3.4166 | AC23: =IF((COUNTIFS(Input_Konektivitas!$A$3:$A$563,$A23,Input_Konektivitas!$B$3:$B$563,AC$3,Input_Konektivitas!$D$3:$D$563,">0")+COUNTIFS(Input_Konektivitas!$A$3:$A$563,AC$3,Input_Konektivitas!$B$3:$B$563,$A23,Input_Konektivitas!$D$3:$D$563,">0"))=0,"",SUMIFS(Input_Konektivitas!$D$3:$D$563,Input_Konektivitas!$A$3:$A$563,$A23,Input_Konektivitas!$B$3:$B$563,AC$3)+SUMIFS(Input_Konektivitas!$D$3:$D$563,Input_Konektivitas!$A$3:$A$563,AC$3,Input_Konektivitas!$B$3:$B$563,$A23)) -> 11.33 | ... AI23: =IF((COUNTIFS(Input_Konektivitas!$A$3:$A$563,$A23,Input_Konektivitas!$B$3:$B$563,AI$3,Input_Konektivitas!$D$3:$D$563,">0")+COUNTIFS(Input_Konektivitas!$A$3:$A$563,AI$3,Input_Konektivitas!$B$3:$B$563,$A23,Input_Konektivitas!$D$3:$D$563,">0"))=0,"",SUMIFS(Input_Konektivitas!$D$3:$D$563,Input_Konektivitas!$A$3:$A$563,$A23,Input_Konektivitas!$B$3:$B$563,AI$3)+SUMIFS(Input_Konektivitas!$D$3:$D$563,Input_Konektivitas!$A$3:$A$563,AI$3,Input_Konektivitas!$B$3:$B$563,$A23)) -> 11.083
A24: Kalimantan Tengah | B24: =IF((COUNTIFS(Input_Konektivitas!$A$3:$A$563,$A24,Input_Konektivitas!$B$3:$B$563,B$3,Input_Konektivitas!$D$3:$D$563,">0")+COUNTIFS(Input_Konektivitas!$A$3:$A$563,B$3,Input_Konektivitas!$B$3:$B$563,$A24,Input_Konektivitas!$D$3:$D$563,">0"))=0,"",SUMIFS(Input_Konektivitas!$D$3:$D$563,Input_Konektivitas!$A$3:$A$563,$A24,Input_Konektivitas!$B$3:$B$563,B$3)+SUMIFS(Input_Konektivitas!$D$3:$D$563,Input_Konektivitas!$A$3:$A$563,B$3,Input_Konektivitas!$B$3:$B$563,$A24)) -> 5.6667 | C24: =IF((COUNTIFS(Input_Konektivitas!$A$3:$A$563,$A24,Input_Konektivitas!$B$3:$B$563,C$3,Input_Konektivitas!$D$3:$D$563,">0")+COUNTIFS(Input_Konektivitas!$A$3:$A$563,C$3,Input_Konektivitas!$B$3:$B$563,$A24,Input_Konektivitas!$D$3:$D$563,">0"))=0,"",SUMIFS(Input_Konektivitas!$D$3:$D$563,Input_Konektivitas!$A$3:$A$563,$A24,Input_Konektivitas!$B$3:$B$563,C$3)+SUMIFS(Input_Konektivitas!$D$3:$D$563,Input_Konektivitas!$A$3:$A$563,C$3,Input_Konektivitas!$B$3:$B$563,$A24)) -> 5.25 | D24: =IF((COUNTIFS(Input_Konektivitas!$A$3:$A$563,$A24,Input_Konektivitas!$B$3:$B$563,D$3,Input_Konektivitas!$D$3:$D$563,">0")+COUNTIFS(Input_Konektivitas!$A$3:$A$563,D$3,Input_Konektivitas!$B$3:$B$563,$A24,Input_Konektivitas!$D$3:$D$563,">0"))=0,"",SUMIFS(Input_Konektivitas!$D$3:$D$563,Input_Konektivitas!$A$3:$A$563,$A24,Input_Konektivitas!$B$3:$B$563,D$3)+SUMIFS(Input_Konektivitas!$D$3:$D$563,Input_Konektivitas!$A$3:$A$563,D$3,Input_Konektivitas!$B$3:$B$563,$A24)) -> 4.42 | E24: =IF((COUNTIFS(Input_Konektivitas!$A$3:$A$563,$A24,Input_Konektivitas!$B$3:$B$563,E$3,Input_Konektivitas!$D$3:$D$563,">0")+COUNTIFS(Input_Konektivitas!$A$3:$A$563,E$3,Input_Konektivitas!$B$3:$B$563,$A24,Input_Konektivitas!$D$3:$D$563,">0"))=0,"",SUMIFS(Input_Konektivitas!$D$3:$D$563,Input_Konektivitas!$A$3:$A$563,$A24,Input_Konektivitas!$B$3:$B$563,E$3)+SUMIFS(Input_Konektivitas!$D$3:$D$563,Input_Konektivitas!$A$3:$A$563,E$3,Input_Konektivitas!$B$3:$B$563,$A24)) -> 5.58 | F24: =IF((COUNTIFS(Input_Konektivitas!$A$3:$A$563,$A24,Input_Konektivitas!$B$3:$B$563,F$3,Input_Konektivitas!$D$3:$D$563,">0")+COUNTIFS(Input_Konektivitas!$A$3:$A$563,F$3,Input_Konektivitas!$B$3:$B$563,$A24,Input_Konektivitas!$D$3:$D$563,">0"))=0,"",SUMIFS(Input_Konektivitas!$D$3:$D$563,Input_Konektivitas!$A$3:$A$563,$A24,Input_Konektivitas!$B$3:$B$563,F$3)+SUMIFS(Input_Konektivitas!$D$3:$D$563,Input_Konektivitas!$A$3:$A$563,F$3,Input_Konektivitas!$B$3:$B$563,$A24)) -> 5.08 | G24: =IF((COUNTIFS(Input_Konektivitas!$A$3:$A$563,$A24,Input_Konektivitas!$B$3:$B$563,G$3,Input_Konektivitas!$D$3:$D$563,">0")+COUNTIFS(Input_Konektivitas!$A$3:$A$563,G$3,Input_Konektivitas!$B$3:$B$563,$A24,Input_Konektivitas!$D$3:$D$563,">0"))=0,"",SUMIFS(Input_Konektivitas!$D$3:$D$563,Input_Konektivitas!$A$3:$A$563,$A24,Input_Konektivitas!$B$3:$B$563,G$3)+SUMIFS(Input_Konektivitas!$D$3:$D$563,Input_Konektivitas!$A$3:$A$563,G$3,Input_Konektivitas!$B$3:$B$563,$A24)) -> 4.08 | H24: =IF((COUNTIFS(Input_Konektivitas!$A$3:$A$563,$A24,Input_Konektivitas!$B$3:$B$563,H$3,Input_Konektivitas!$D$3:$D$563,">0")+COUNTIFS(Input_Konektivitas!$A$3:$A$563,H$3,Input_Konektivitas!$B$3:$B$563,$A24,Input_Konektivitas!$D$3:$D$563,">0"))=0,"",SUMIFS(Input_Konektivitas!$D$3:$D$563,Input_Konektivitas!$A$3:$A$563,$A24,Input_Konektivitas!$B$3:$B$563,H$3)+SUMIFS(Input_Konektivitas!$D$3:$D$563,Input_Konektivitas!$A$3:$A$563,H$3,Input_Konektivitas!$B$3:$B$563,$A24)) -> 5.25 | I24: =IF((COUNTIFS(Input_Konektivitas!$A$3:$A$563,$A24,Input_Konektivitas!$B$3:$B$563,I$3,Input_Konektivitas!$D$3:$D$563,">0")+COUNTIFS(Input_Konektivitas!$A$3:$A$563,I$3,Input_Konektivitas!$B$3:$B$563,$A24,Input_Konektivitas!$D$3:$D$563,">0"))=0,"",SUMIFS(Input_Konektivitas!$D$3:$D$563,Input_Konektivitas!$A$3:$A$563,$A24,Input_Konektivitas!$B$3:$B$563,I$3)+SUMIFS(Input_Konektivitas!$D$3:$D$563,Input_Konektivitas!$A$3:$A$563,I$3,Input_Konektivitas!$B$3:$B$563,$A24)) -> 4.67 | ... U24: =IF((COUNTIFS(Input_Konektivitas!$A$3:$A$563,$A24,Input_Konektivitas!$B$3:$B$563,U$3,Input_Konektivitas!$D$3:$D$563,">0")+COUNTIFS(Input_Konektivitas!$A$3:$A$563,U$3,Input_Konektivitas!$B$3:$B$563,$A24,Input_Konektivitas!$D$3:$D$563,">0"))=0,"",SUMIFS(Input_Konektivitas!$D$3:$D$563,Input_Konektivitas!$A$3:$A$563,$A24,Input_Konektivitas!$B$3:$B$563,U$3)+SUMIFS(Input_Konektivitas!$D$3:$D$563,Input_Konektivitas!$A$3:$A$563,U$3,Input_Konektivitas!$B$3:$B$563,$A24)) -> 4.0833 | V24: 0 | W24: =IF((COUNTIFS(Input_Konektivitas!$A$3:$A$563,$A24,Input_Konektivitas!$B$3:$B$563,W$3,Input_Konektivitas!$D$3:$D$563,">0")+COUNTIFS(Input_Konektivitas!$A$3:$A$563,W$3,Input_Konektivitas!$B$3:$B$563,$A24,Input_Konektivitas!$D$3:$D$563,">0"))=0,"",SUMIFS(Input_Konektivitas!$D$3:$D$563,Input_Konektivitas!$A$3:$A$563,$A24,Input_Konektivitas!$B$3:$B$563,W$3)+SUMIFS(Input_Konektivitas!$D$3:$D$563,Input_Konektivitas!$A$3:$A$563,W$3,Input_Konektivitas!$B$3:$B$563,$A24)) -> 5 | X24: =IF((COUNTIFS(Input_Konektivitas!$A$3:$A$563,$A24,Input_Konektivitas!$B$3:$B$563,X$3,Input_Konektivitas!$D$3:$D$563,">0")+COUNTIFS(Input_Konektivitas!$A$3:$A$563,X$3,Input_Konektivitas!$B$3:$B$563,$A24,Input_Konektivitas!$D$3:$D$563,">0"))=0,"",SUMIFS(Input_Konektivitas!$D$3:$D$563,Input_Konektivitas!$A$3:$A$563,$A24,Input_Konektivitas!$B$3:$B$563,X$3)+SUMIFS(Input_Konektivitas!$D$3:$D$563,Input_Konektivitas!$A$3:$A$563,X$3,Input_Konektivitas!$B$3:$B$563,$A24)) -> 1.25 | Y24: =IF((COUNTIFS(Input_Konektivitas!$A$3:$A$563,$A24,Input_Konektivitas!$B$3:$B$563,Y$3,Input_Konektivitas!$D$3:$D$563,">0")+COUNTIFS(Input_Konektivitas!$A$3:$A$563,Y$3,Input_Konektivitas!$B$3:$B$563,$A24,Input_Konektivitas!$D$3:$D$563,">0"))=0,"",SUMIFS(Input_Konektivitas!$D$3:$D$563,Input_Konektivitas!$A$3:$A$563,$A24,Input_Konektivitas!$B$3:$B$563,Y$3)+SUMIFS(Input_Konektivitas!$D$3:$D$563,Input_Konektivitas!$A$3:$A$563,Y$3,Input_Konektivitas!$B$3:$B$563,$A24)) -> 3.1666 | Z24: =IF((COUNTIFS(Input_Konektivitas!$A$3:$A$563,$A24,Input_Konektivitas!$B$3:$B$563,Z$3,Input_Konektivitas!$D$3:$D$563,">0")+COUNTIFS(Input_Konektivitas!$A$3:$A$563,Z$3,Input_Konektivitas!$B$3:$B$563,$A24,Input_Konektivitas!$D$3:$D$563,">0"))=0,"",SUMIFS(Input_Konektivitas!$D$3:$D$563,Input_Konektivitas!$A$3:$A$563,$A24,Input_Konektivitas!$B$3:$B$563,Z$3)+SUMIFS(Input_Konektivitas!$D$3:$D$563,Input_Konektivitas!$A$3:$A$563,Z$3,Input_Konektivitas!$B$3:$B$563,$A24)) -> 8.25 | AA24: =IF((COUNTIFS(Input_Konektivitas!$A$3:$A$563,$A24,Input_Konektivitas!$B$3:$B$563,AA$3,Input_Konektivitas!$D$3:$D$563,">0")+COUNTIFS(Input_Konektivitas!$A$3:$A$563,AA$3,Input_Konektivitas!$B$3:$B$563,$A24,Input_Konektivitas!$D$3:$D$563,">0"))=0,"",SUMIFS(Input_Konektivitas!$D$3:$D$563,Input_Konektivitas!$A$3:$A$563,$A24,Input_Konektivitas!$B$3:$B$563,AA$3)+SUMIFS(Input_Konektivitas!$D$3:$D$563,Input_Konektivitas!$A$3:$A$563,AA$3,Input_Konektivitas!$B$3:$B$563,$A24)) -> 15.0833 | AB24: =IF((COUNTIFS(Input_Konektivitas!$A$3:$A$563,$A24,Input_Konektivitas!$B$3:$B$563,AB$3,Input_Konektivitas!$D$3:$D$563,">0")+COUNTIFS(Input_Konektivitas!$A$3:$A$563,AB$3,Input_Konektivitas!$B$3:$B$563,$A24,Input_Konektivitas!$D$3:$D$563,">0"))=0,"",SUMIFS(Input_Konektivitas!$D$3:$D$563,Input_Konektivitas!$A$3:$A$563,$A24,Input_Konektivitas!$B$3:$B$563,AB$3)+SUMIFS(Input_Konektivitas!$D$3:$D$563,Input_Konektivitas!$A$3:$A$563,AB$3,Input_Konektivitas!$B$3:$B$563,$A24)) -> 5.083 | AC24: =IF((COUNTIFS(Input_Konektivitas!$A$3:$A$563,$A24,Input_Konektivitas!$B$3:$B$563,AC$3,Input_Konektivitas!$D$3:$D$563,">0")+COUNTIFS(Input_Konektivitas!$A$3:$A$563,AC$3,Input_Konektivitas!$B$3:$B$563,$A24,Input_Konektivitas!$D$3:$D$563,">0"))=0,"",SUMIFS(Input_Konektivitas!$D$3:$D$563,Input_Konektivitas!$A$3:$A$563,$A24,Input_Konektivitas!$B$3:$B$563,AC$3)+SUMIFS(Input_Konektivitas!$D$3:$D$563,Input_Konektivitas!$A$3:$A$563,AC$3,Input_Konektivitas!$B$3:$B$563,$A24)) -> 8.666 | AD24: =IF((COUNTIFS(Input_Konektivitas!$A$3:$A$563,$A24,Input_Konektivitas!$B$3:$B$563,AD$3,Input_Konektivitas!$D$3:$D$563,">0")+COUNTIFS(Input_Konektivitas!$A$3:$A$563,AD$3,Input_Konektivitas!$B$3:$B$563,$A24,Input_Konektivitas!$D$3:$D$563,">0"))=0,"",SUMIFS(Input_Konektivitas!$D$3:$D$563,Input_Konektivitas!$A$3:$A$563,$A24,Input_Konektivitas!$B$3:$B$563,AD$3)+SUMIFS(Input_Konektivitas!$D$3:$D$563,Input_Konektivitas!$A$3:$A$563,AD$3,Input_Konektivitas!$B$3:$B$563,$A24)) -> 15.583 | ... AI24: =IF((COUNTIFS(Input_Konektivitas!$A$3:$A$563,$A24,Input_Konektivitas!$B$3:$B$563,AI$3,Input_Konektivitas!$D$3:$D$563,">0")+COUNTIFS(Input_Konektivitas!$A$3:$A$563,AI$3,Input_Konektivitas!$B$3:$B$563,$A24,Input_Konektivitas!$D$3:$D$563,">0"))=0,"",SUMIFS(Input_Konektivitas!$D$3:$D$563,Input_Konektivitas!$A$3:$A$563,$A24,Input_Konektivitas!$B$3:$B$563,AI$3)+SUMIFS(Input_Konektivitas!$D$3:$D$563,Input_Konektivitas!$A$3:$A$563,AI$3,Input_Konektivitas!$B$3:$B$563,$A24)) -> 12.666
A25: Kalimantan Selatan | B25: =IF((COUNTIFS(Input_Konektivitas!$A$3:$A$563,$A25,Input_Konektivitas!$B$3:$B$563,B$3,Input_Konektivitas!$D$3:$D$563,">0")+COUNTIFS(Input_Konektivitas!$A$3:$A$563,B$3,Input_Konektivitas!$B$3:$B$563,$A25,Input_Konektivitas!$D$3:$D$563,">0"))=0,"",SUMIFS(Input_Konektivitas!$D$3:$D$563,Input_Konektivitas!$A$3:$A$563,$A25,Input_Konektivitas!$B$3:$B$563,B$3)+SUMIFS(Input_Konektivitas!$D$3:$D$563,Input_Konektivitas!$A$3:$A$563,B$3,Input_Konektivitas!$B$3:$B$563,$A25)) -> 7.25 | C25: =IF((COUNTIFS(Input_Konektivitas!$A$3:$A$563,$A25,Input_Konektivitas!$B$3:$B$563,C$3,Input_Konektivitas!$D$3:$D$563,">0")+COUNTIFS(Input_Konektivitas!$A$3:$A$563,C$3,Input_Konektivitas!$B$3:$B$563,$A25,Input_Konektivitas!$D$3:$D$563,">0"))=0,"",SUMIFS(Input_Konektivitas!$D$3:$D$563,Input_Konektivitas!$A$3:$A$563,$A25,Input_Konektivitas!$B$3:$B$563,C$3)+SUMIFS(Input_Konektivitas!$D$3:$D$563,Input_Konektivitas!$A$3:$A$563,C$3,Input_Konektivitas!$B$3:$B$563,$A25)) -> 6.33 | D25: =IF((COUNTIFS(Input_Konektivitas!$A$3:$A$563,$A25,Input_Konektivitas!$B$3:$B$563,D$3,Input_Konektivitas!$D$3:$D$563,">0")+COUNTIFS(Input_Konektivitas!$A$3:$A$563,D$3,Input_Konektivitas!$B$3:$B$563,$A25,Input_Konektivitas!$D$3:$D$563,">0"))=0,"",SUMIFS(Input_Konektivitas!$D$3:$D$563,Input_Konektivitas!$A$3:$A$563,$A25,Input_Konektivitas!$B$3:$B$563,D$3)+SUMIFS(Input_Konektivitas!$D$3:$D$563,Input_Konektivitas!$A$3:$A$563,D$3,Input_Konektivitas!$B$3:$B$563,$A25)) -> 4.75 | E25: =IF((COUNTIFS(Input_Konektivitas!$A$3:$A$563,$A25,Input_Konektivitas!$B$3:$B$563,E$3,Input_Konektivitas!$D$3:$D$563,">0")+COUNTIFS(Input_Konektivitas!$A$3:$A$563,E$3,Input_Konektivitas!$B$3:$B$563,$A25,Input_Konektivitas!$D$3:$D$563,">0"))=0,"",SUMIFS(Input_Konektivitas!$D$3:$D$563,Input_Konektivitas!$A$3:$A$563,$A25,Input_Konektivitas!$B$3:$B$563,E$3)+SUMIFS(Input_Konektivitas!$D$3:$D$563,Input_Konektivitas!$A$3:$A$563,E$3,Input_Konektivitas!$B$3:$B$563,$A25)) -> 5.33 | F25: =IF((COUNTIFS(Input_Konektivitas!$A$3:$A$563,$A25,Input_Konektivitas!$B$3:$B$563,F$3,Input_Konektivitas!$D$3:$D$563,">0")+COUNTIFS(Input_Konektivitas!$A$3:$A$563,F$3,Input_Konektivitas!$B$3:$B$563,$A25,Input_Konektivitas!$D$3:$D$563,">0"))=0,"",SUMIFS(Input_Konektivitas!$D$3:$D$563,Input_Konektivitas!$A$3:$A$563,$A25,Input_Konektivitas!$B$3:$B$563,F$3)+SUMIFS(Input_Konektivitas!$D$3:$D$563,Input_Konektivitas!$A$3:$A$563,F$3,Input_Konektivitas!$B$3:$B$563,$A25)) -> 4.17 | G25: =IF((COUNTIFS(Input_Konektivitas!$A$3:$A$563,$A25,Input_Konektivitas!$B$3:$B$563,G$3,Input_Konektivitas!$D$3:$D$563,">0")+COUNTIFS(Input_Konektivitas!$A$3:$A$563,G$3,Input_Konektivitas!$B$3:$B$563,$A25,Input_Konektivitas!$D$3:$D$563,">0"))=0,"",SUMIFS(Input_Konektivitas!$D$3:$D$563,Input_Konektivitas!$A$3:$A$563,$A25,Input_Konektivitas!$B$3:$B$563,G$3)+SUMIFS(Input_Konektivitas!$D$3:$D$563,Input_Konektivitas!$A$3:$A$563,G$3,Input_Konektivitas!$B$3:$B$563,$A25)) -> 4.5 | H25: =IF((COUNTIFS(Input_Konektivitas!$A$3:$A$563,$A25,Input_Konektivitas!$B$3:$B$563,H$3,Input_Konektivitas!$D$3:$D$563,">0")+COUNTIFS(Input_Konektivitas!$A$3:$A$563,H$3,Input_Konektivitas!$B$3:$B$563,$A25,Input_Konektivitas!$D$3:$D$563,">0"))=0,"",SUMIFS(Input_Konektivitas!$D$3:$D$563,Input_Konektivitas!$A$3:$A$563,$A25,Input_Konektivitas!$B$3:$B$563,H$3)+SUMIFS(Input_Konektivitas!$D$3:$D$563,Input_Konektivitas!$A$3:$A$563,H$3,Input_Konektivitas!$B$3:$B$563,$A25)) -> 4.58 | I25: =IF((COUNTIFS(Input_Konektivitas!$A$3:$A$563,$A25,Input_Konektivitas!$B$3:$B$563,I$3,Input_Konektivitas!$D$3:$D$563,">0")+COUNTIFS(Input_Konektivitas!$A$3:$A$563,I$3,Input_Konektivitas!$B$3:$B$563,$A25,Input_Konektivitas!$D$3:$D$563,">0"))=0,"",SUMIFS(Input_Konektivitas!$D$3:$D$563,Input_Konektivitas!$A$3:$A$563,$A25,Input_Konektivitas!$B$3:$B$563,I$3)+SUMIFS(Input_Konektivitas!$D$3:$D$563,Input_Konektivitas!$A$3:$A$563,I$3,Input_Konektivitas!$B$3:$B$563,$A25)) -> 4.67 | ... V25: =IF((COUNTIFS(Input_Konektivitas!$A$3:$A$563,$A25,Input_Konektivitas!$B$3:$B$563,V$3,Input_Konektivitas!$D$3:$D$563,">0")+COUNTIFS(Input_Konektivitas!$A$3:$A$563,V$3,Input_Konektivitas!$B$3:$B$563,$A25,Input_Konektivitas!$D$3:$D$563,">0"))=0,"",SUMIFS(Input_Konektivitas!$D$3:$D$563,Input_Konektivitas!$A$3:$A$563,$A25,Input_Konektivitas!$B$3:$B$563,V$3)+SUMIFS(Input_Konektivitas!$D$3:$D$563,Input_Konektivitas!$A$3:$A$563,V$3,Input_Konektivitas!$B$3:$B$563,$A25)) -> 5 | W25: 0 | X25: =IF((COUNTIFS(Input_Konektivitas!$A$3:$A$563,$A25,Input_Konektivitas!$B$3:$B$563,X$3,Input_Konektivitas!$D$3:$D$563,">0")+COUNTIFS(Input_Konektivitas!$A$3:$A$563,X$3,Input_Konektivitas!$B$3:$B$563,$A25,Input_Konektivitas!$D$3:$D$563,">0"))=0,"",SUMIFS(Input_Konektivitas!$D$3:$D$563,Input_Konektivitas!$A$3:$A$563,$A25,Input_Konektivitas!$B$3:$B$563,X$3)+SUMIFS(Input_Konektivitas!$D$3:$D$563,Input_Konektivitas!$A$3:$A$563,X$3,Input_Konektivitas!$B$3:$B$563,$A25)) -> 1.166 | Y25: =IF((COUNTIFS(Input_Konektivitas!$A$3:$A$563,$A25,Input_Konektivitas!$B$3:$B$563,Y$3,Input_Konektivitas!$D$3:$D$563,">0")+COUNTIFS(Input_Konektivitas!$A$3:$A$563,Y$3,Input_Konektivitas!$B$3:$B$563,$A25,Input_Konektivitas!$D$3:$D$563,">0"))=0,"",SUMIFS(Input_Konektivitas!$D$3:$D$563,Input_Konektivitas!$A$3:$A$563,$A25,Input_Konektivitas!$B$3:$B$563,Y$3)+SUMIFS(Input_Konektivitas!$D$3:$D$563,Input_Konektivitas!$A$3:$A$563,Y$3,Input_Konektivitas!$B$3:$B$563,$A25)) -> 4 | Z25: =IF((COUNTIFS(Input_Konektivitas!$A$3:$A$563,$A25,Input_Konektivitas!$B$3:$B$563,Z$3,Input_Konektivitas!$D$3:$D$563,">0")+COUNTIFS(Input_Konektivitas!$A$3:$A$563,Z$3,Input_Konektivitas!$B$3:$B$563,$A25,Input_Konektivitas!$D$3:$D$563,">0"))=0,"",SUMIFS(Input_Konektivitas!$D$3:$D$563,Input_Konektivitas!$A$3:$A$563,$A25,Input_Konektivitas!$B$3:$B$563,Z$3)+SUMIFS(Input_Konektivitas!$D$3:$D$563,Input_Konektivitas!$A$3:$A$563,Z$3,Input_Konektivitas!$B$3:$B$563,$A25)) -> 5.4166 | AA25: =IF((COUNTIFS(Input_Konektivitas!$A$3:$A$563,$A25,Input_Konektivitas!$B$3:$B$563,AA$3,Input_Konektivitas!$D$3:$D$563,">0")+COUNTIFS(Input_Konektivitas!$A$3:$A$563,AA$3,Input_Konektivitas!$B$3:$B$563,$A25,Input_Konektivitas!$D$3:$D$563,">0"))=0,"",SUMIFS(Input_Konektivitas!$D$3:$D$563,Input_Konektivitas!$A$3:$A$563,$A25,Input_Konektivitas!$B$3:$B$563,AA$3)+SUMIFS(Input_Konektivitas!$D$3:$D$563,Input_Konektivitas!$A$3:$A$563,AA$3,Input_Konektivitas!$B$3:$B$563,$A25)) -> 7.9166 | AB25: =IF((COUNTIFS(Input_Konektivitas!$A$3:$A$563,$A25,Input_Konektivitas!$B$3:$B$563,AB$3,Input_Konektivitas!$D$3:$D$563,">0")+COUNTIFS(Input_Konektivitas!$A$3:$A$563,AB$3,Input_Konektivitas!$B$3:$B$563,$A25,Input_Konektivitas!$D$3:$D$563,">0"))=0,"",SUMIFS(Input_Konektivitas!$D$3:$D$563,Input_Konektivitas!$A$3:$A$563,$A25,Input_Konektivitas!$B$3:$B$563,AB$3)+SUMIFS(Input_Konektivitas!$D$3:$D$563,Input_Konektivitas!$A$3:$A$563,AB$3,Input_Konektivitas!$B$3:$B$563,$A25)) -> 1.25 | AC25: =IF((COUNTIFS(Input_Konektivitas!$A$3:$A$563,$A25,Input_Konektivitas!$B$3:$B$563,AC$3,Input_Konektivitas!$D$3:$D$563,">0")+COUNTIFS(Input_Konektivitas!$A$3:$A$563,AC$3,Input_Konektivitas!$B$3:$B$563,$A25,Input_Konektivitas!$D$3:$D$563,">0"))=0,"",SUMIFS(Input_Konektivitas!$D$3:$D$563,Input_Konektivitas!$A$3:$A$563,$A25,Input_Konektivitas!$B$3:$B$563,AC$3)+SUMIFS(Input_Konektivitas!$D$3:$D$563,Input_Konektivitas!$A$3:$A$563,AC$3,Input_Konektivitas!$B$3:$B$563,$A25)) -> 4.25 | AD25: =IF((COUNTIFS(Input_Konektivitas!$A$3:$A$563,$A25,Input_Konektivitas!$B$3:$B$563,AD$3,Input_Konektivitas!$D$3:$D$563,">0")+COUNTIFS(Input_Konektivitas!$A$3:$A$563,AD$3,Input_Konektivitas!$B$3:$B$563,$A25,Input_Konektivitas!$D$3:$D$563,">0"))=0,"",SUMIFS(Input_Konektivitas!$D$3:$D$563,Input_Konektivitas!$A$3:$A$563,$A25,Input_Konektivitas!$B$3:$B$563,AD$3)+SUMIFS(Input_Konektivitas!$D$3:$D$563,Input_Konektivitas!$A$3:$A$563,AD$3,Input_Konektivitas!$B$3:$B$563,$A25)) -> 8.166 | AE25: =IF((COUNTIFS(Input_Konektivitas!$A$3:$A$563,$A25,Input_Konektivitas!$B$3:$B$563,AE$3,Input_Konektivitas!$D$3:$D$563,">0")+COUNTIFS(Input_Konektivitas!$A$3:$A$563,AE$3,Input_Konektivitas!$B$3:$B$563,$A25,Input_Konektivitas!$D$3:$D$563,">0"))=0,"",SUMIFS(Input_Konektivitas!$D$3:$D$563,Input_Konektivitas!$A$3:$A$563,$A25,Input_Konektivitas!$B$3:$B$563,AE$3)+SUMIFS(Input_Konektivitas!$D$3:$D$563,Input_Konektivitas!$A$3:$A$563,AE$3,Input_Konektivitas!$B$3:$B$563,$A25)) -> 4.5 | ... AI25: =IF((COUNTIFS(Input_Konektivitas!$A$3:$A$563,$A25,Input_Konektivitas!$B$3:$B$563,AI$3,Input_Konektivitas!$D$3:$D$563,">0")+COUNTIFS(Input_Konektivitas!$A$3:$A$563,AI$3,Input_Konektivitas!$B$3:$B$563,$A25,Input_Konektivitas!$D$3:$D$563,">0"))=0,"",SUMIFS(Input_Konektivitas!$D$3:$D$563,Input_Konektivitas!$A$3:$A$563,$A25,Input_Konektivitas!$B$3:$B$563,AI$3)+SUMIFS(Input_Konektivitas!$D$3:$D$563,Input_Konektivitas!$A$3:$A$563,AI$3,Input_Konektivitas!$B$3:$B$563,$A25)) -> 12.5833
A26: Kalimantan Timur | B26: =IF((COUNTIFS(Input_Konektivitas!$A$3:$A$563,$A26,Input_Konektivitas!$B$3:$B$563,B$3,Input_Konektivitas!$D$3:$D$563,">0")+COUNTIFS(Input_Konektivitas!$A$3:$A$563,B$3,Input_Konektivitas!$B$3:$B$563,$A26,Input_Konektivitas!$D$3:$D$563,">0"))=0,"",SUMIFS(Input_Konektivitas!$D$3:$D$563,Input_Konektivitas!$A$3:$A$563,$A26,Input_Konektivitas!$B$3:$B$563,B$3)+SUMIFS(Input_Konektivitas!$D$3:$D$563,Input_Konektivitas!$A$3:$A$563,B$3,Input_Konektivitas!$B$3:$B$563,$A26)) -> 8.916677 | C26: =IF((COUNTIFS(Input_Konektivitas!$A$3:$A$563,$A26,Input_Konektivitas!$B$3:$B$563,C$3,Input_Konektivitas!$D$3:$D$563,">0")+COUNTIFS(Input_Konektivitas!$A$3:$A$563,C$3,Input_Konektivitas!$B$3:$B$563,$A26,Input_Konektivitas!$D$3:$D$563,">0"))=0,"",SUMIFS(Input_Konektivitas!$D$3:$D$563,Input_Konektivitas!$A$3:$A$563,$A26,Input_Konektivitas!$B$3:$B$563,C$3)+SUMIFS(Input_Konektivitas!$D$3:$D$563,Input_Konektivitas!$A$3:$A$563,C$3,Input_Konektivitas!$B$3:$B$563,$A26)) -> 6.67 | D26: =IF((COUNTIFS(Input_Konektivitas!$A$3:$A$563,$A26,Input_Konektivitas!$B$3:$B$563,D$3,Input_Konektivitas!$D$3:$D$563,">0")+COUNTIFS(Input_Konektivitas!$A$3:$A$563,D$3,Input_Konektivitas!$B$3:$B$563,$A26,Input_Konektivitas!$D$3:$D$563,">0"))=0,"",SUMIFS(Input_Konektivitas!$D$3:$D$563,Input_Konektivitas!$A$3:$A$563,$A26,Input_Konektivitas!$B$3:$B$563,D$3)+SUMIFS(Input_Konektivitas!$D$3:$D$563,Input_Konektivitas!$A$3:$A$563,D$3,Input_Konektivitas!$B$3:$B$563,$A26)) -> 5.38 | E26: =IF((COUNTIFS(Input_Konektivitas!$A$3:$A$563,$A26,Input_Konektivitas!$B$3:$B$563,E$3,Input_Konektivitas!$D$3:$D$563,">0")+COUNTIFS(Input_Konektivitas!$A$3:$A$563,E$3,Input_Konektivitas!$B$3:$B$563,$A26,Input_Konektivitas!$D$3:$D$563,">0"))=0,"",SUMIFS(Input_Konektivitas!$D$3:$D$563,Input_Konektivitas!$A$3:$A$563,$A26,Input_Konektivitas!$B$3:$B$563,E$3)+SUMIFS(Input_Konektivitas!$D$3:$D$563,Input_Konektivitas!$A$3:$A$563,E$3,Input_Konektivitas!$B$3:$B$563,$A26)) -> 5.33 | F26: =IF((COUNTIFS(Input_Konektivitas!$A$3:$A$563,$A26,Input_Konektivitas!$B$3:$B$563,F$3,Input_Konektivitas!$D$3:$D$563,">0")+COUNTIFS(Input_Konektivitas!$A$3:$A$563,F$3,Input_Konektivitas!$B$3:$B$563,$A26,Input_Konektivitas!$D$3:$D$563,">0"))=0,"",SUMIFS(Input_Konektivitas!$D$3:$D$563,Input_Konektivitas!$A$3:$A$563,$A26,Input_Konektivitas!$B$3:$B$563,F$3)+SUMIFS(Input_Konektivitas!$D$3:$D$563,Input_Konektivitas!$A$3:$A$563,F$3,Input_Konektivitas!$B$3:$B$563,$A26)) -> 4.58 | G26: =IF((COUNTIFS(Input_Konektivitas!$A$3:$A$563,$A26,Input_Konektivitas!$B$3:$B$563,G$3,Input_Konektivitas!$D$3:$D$563,">0")+COUNTIFS(Input_Konektivitas!$A$3:$A$563,G$3,Input_Konektivitas!$B$3:$B$563,$A26,Input_Konektivitas!$D$3:$D$563,">0"))=0,"",SUMIFS(Input_Konektivitas!$D$3:$D$563,Input_Konektivitas!$A$3:$A$563,$A26,Input_Konektivitas!$B$3:$B$563,G$3)+SUMIFS(Input_Konektivitas!$D$3:$D$563,Input_Konektivitas!$A$3:$A$563,G$3,Input_Konektivitas!$B$3:$B$563,$A26)) -> 5.33 | H26: =IF((COUNTIFS(Input_Konektivitas!$A$3:$A$563,$A26,Input_Konektivitas!$B$3:$B$563,H$3,Input_Konektivitas!$D$3:$D$563,">0")+COUNTIFS(Input_Konektivitas!$A$3:$A$563,H$3,Input_Konektivitas!$B$3:$B$563,$A26,Input_Konektivitas!$D$3:$D$563,">0"))=0,"",SUMIFS(Input_Konektivitas!$D$3:$D$563,Input_Konektivitas!$A$3:$A$563,$A26,Input_Konektivitas!$B$3:$B$563,H$3)+SUMIFS(Input_Konektivitas!$D$3:$D$563,Input_Konektivitas!$A$3:$A$563,H$3,Input_Konektivitas!$B$3:$B$563,$A26)) -> 5.33 | I26: =IF((COUNTIFS(Input_Konektivitas!$A$3:$A$563,$A26,Input_Konektivitas!$B$3:$B$563,I$3,Input_Konektivitas!$D$3:$D$563,">0")+COUNTIFS(Input_Konektivitas!$A$3:$A$563,I$3,Input_Konektivitas!$B$3:$B$563,$A26,Input_Konektivitas!$D$3:$D$563,">0"))=0,"",SUMIFS(Input_Konektivitas!$D$3:$D$563,Input_Konektivitas!$A$3:$A$563,$A26,Input_Konektivitas!$B$3:$B$563,I$3)+SUMIFS(Input_Konektivitas!$D$3:$D$563,Input_Konektivitas!$A$3:$A$563,I$3,Input_Konektivitas!$B$3:$B$563,$A26)) -> 5.25 | ... W26: =IF((COUNTIFS(Input_Konektivitas!$A$3:$A$563,$A26,Input_Konektivitas!$B$3:$B$563,W$3,Input_Konektivitas!$D$3:$D$563,">0")+COUNTIFS(Input_Konektivitas!$A$3:$A$563,W$3,Input_Konektivitas!$B$3:$B$563,$A26,Input_Konektivitas!$D$3:$D$563,">0"))=0,"",SUMIFS(Input_Konektivitas!$D$3:$D$563,Input_Konektivitas!$A$3:$A$563,$A26,Input_Konektivitas!$B$3:$B$563,W$3)+SUMIFS(Input_Konektivitas!$D$3:$D$563,Input_Konektivitas!$A$3:$A$563,W$3,Input_Konektivitas!$B$3:$B$563,$A26)) -> 1.166 | X26: 0 | Y26: =IF((COUNTIFS(Input_Konektivitas!$A$3:$A$563,$A26,Input_Konektivitas!$B$3:$B$563,Y$3,Input_Konektivitas!$D$3:$D$563,">0")+COUNTIFS(Input_Konektivitas!$A$3:$A$563,Y$3,Input_Konektivitas!$B$3:$B$563,$A26,Input_Konektivitas!$D$3:$D$563,">0"))=0,"",SUMIFS(Input_Konektivitas!$D$3:$D$563,Input_Konektivitas!$A$3:$A$563,$A26,Input_Konektivitas!$B$3:$B$563,Y$3)+SUMIFS(Input_Konektivitas!$D$3:$D$563,Input_Konektivitas!$A$3:$A$563,Y$3,Input_Konektivitas!$B$3:$B$563,$A26)) -> 1.166 | Z26: =IF((COUNTIFS(Input_Konektivitas!$A$3:$A$563,$A26,Input_Konektivitas!$B$3:$B$563,Z$3,Input_Konektivitas!$D$3:$D$563,">0")+COUNTIFS(Input_Konektivitas!$A$3:$A$563,Z$3,Input_Konektivitas!$B$3:$B$563,$A26,Input_Konektivitas!$D$3:$D$563,">0"))=0,"",SUMIFS(Input_Konektivitas!$D$3:$D$563,Input_Konektivitas!$A$3:$A$563,$A26,Input_Konektivitas!$B$3:$B$563,Z$3)+SUMIFS(Input_Konektivitas!$D$3:$D$563,Input_Konektivitas!$A$3:$A$563,Z$3,Input_Konektivitas!$B$3:$B$563,$A26)) -> 1.75 | AA26: =IF((COUNTIFS(Input_Konektivitas!$A$3:$A$563,$A26,Input_Konektivitas!$B$3:$B$563,AA$3,Input_Konektivitas!$D$3:$D$563,">0")+COUNTIFS(Input_Konektivitas!$A$3:$A$563,AA$3,Input_Konektivitas!$B$3:$B$563,$A26,Input_Konektivitas!$D$3:$D$563,">0"))=0,"",SUMIFS(Input_Konektivitas!$D$3:$D$563,Input_Konektivitas!$A$3:$A$563,$A26,Input_Konektivitas!$B$3:$B$563,AA$3)+SUMIFS(Input_Konektivitas!$D$3:$D$563,Input_Konektivitas!$A$3:$A$563,AA$3,Input_Konektivitas!$B$3:$B$563,$A26)) -> 3.166 | AB26: =IF((COUNTIFS(Input_Konektivitas!$A$3:$A$563,$A26,Input_Konektivitas!$B$3:$B$563,AB$3,Input_Konektivitas!$D$3:$D$563,">0")+COUNTIFS(Input_Konektivitas!$A$3:$A$563,AB$3,Input_Konektivitas!$B$3:$B$563,$A26,Input_Konektivitas!$D$3:$D$563,">0"))=0,"",SUMIFS(Input_Konektivitas!$D$3:$D$563,Input_Konektivitas!$A$3:$A$563,$A26,Input_Konektivitas!$B$3:$B$563,AB$3)+SUMIFS(Input_Konektivitas!$D$3:$D$563,Input_Konektivitas!$A$3:$A$563,AB$3,Input_Konektivitas!$B$3:$B$563,$A26)) -> 1.166 | AC26: =IF((COUNTIFS(Input_Konektivitas!$A$3:$A$563,$A26,Input_Konektivitas!$B$3:$B$563,AC$3,Input_Konektivitas!$D$3:$D$563,">0")+COUNTIFS(Input_Konektivitas!$A$3:$A$563,AC$3,Input_Konektivitas!$B$3:$B$563,$A26,Input_Konektivitas!$D$3:$D$563,">0"))=0,"",SUMIFS(Input_Konektivitas!$D$3:$D$563,Input_Konektivitas!$A$3:$A$563,$A26,Input_Konektivitas!$B$3:$B$563,AC$3)+SUMIFS(Input_Konektivitas!$D$3:$D$563,Input_Konektivitas!$A$3:$A$563,AC$3,Input_Konektivitas!$B$3:$B$563,$A26)) -> 4.333 | AD26: =IF((COUNTIFS(Input_Konektivitas!$A$3:$A$563,$A26,Input_Konektivitas!$B$3:$B$563,AD$3,Input_Konektivitas!$D$3:$D$563,">0")+COUNTIFS(Input_Konektivitas!$A$3:$A$563,AD$3,Input_Konektivitas!$B$3:$B$563,$A26,Input_Konektivitas!$D$3:$D$563,">0"))=0,"",SUMIFS(Input_Konektivitas!$D$3:$D$563,Input_Konektivitas!$A$3:$A$563,$A26,Input_Konektivitas!$B$3:$B$563,AD$3)+SUMIFS(Input_Konektivitas!$D$3:$D$563,Input_Konektivitas!$A$3:$A$563,AD$3,Input_Konektivitas!$B$3:$B$563,$A26)) -> 7.66 | AE26: =IF((COUNTIFS(Input_Konektivitas!$A$3:$A$563,$A26,Input_Konektivitas!$B$3:$B$563,AE$3,Input_Konektivitas!$D$3:$D$563,">0")+COUNTIFS(Input_Konektivitas!$A$3:$A$563,AE$3,Input_Konektivitas!$B$3:$B$563,$A26,Input_Konektivitas!$D$3:$D$563,">0"))=0,"",SUMIFS(Input_Konektivitas!$D$3:$D$563,Input_Konektivitas!$A$3:$A$563,$A26,Input_Konektivitas!$B$3:$B$563,AE$3)+SUMIFS(Input_Konektivitas!$D$3:$D$563,Input_Konektivitas!$A$3:$A$563,AE$3,Input_Konektivitas!$B$3:$B$563,$A26)) -> 1 | AF26: =IF((COUNTIFS(Input_Konektivitas!$A$3:$A$563,$A26,Input_Konektivitas!$B$3:$B$563,AF$3,Input_Konektivitas!$D$3:$D$563,">0")+COUNTIFS(Input_Konektivitas!$A$3:$A$563,AF$3,Input_Konektivitas!$B$3:$B$563,$A26,Input_Konektivitas!$D$3:$D$563,">0"))=0,"",SUMIFS(Input_Konektivitas!$D$3:$D$563,Input_Konektivitas!$A$3:$A$563,$A26,Input_Konektivitas!$B$3:$B$563,AF$3)+SUMIFS(Input_Konektivitas!$D$3:$D$563,Input_Konektivitas!$A$3:$A$563,AF$3,Input_Konektivitas!$B$3:$B$563,$A26)) -> 8.25 | ... AI26: =IF((COUNTIFS(Input_Konektivitas!$A$3:$A$563,$A26,Input_Konektivitas!$B$3:$B$563,AI$3,Input_Konektivitas!$D$3:$D$563,">0")+COUNTIFS(Input_Konektivitas!$A$3:$A$563,AI$3,Input_Konektivitas!$B$3:$B$563,$A26,Input_Konektivitas!$D$3:$D$563,">0"))=0,"",SUMIFS(Input_Konektivitas!$D$3:$D$563,Input_Konektivitas!$A$3:$A$563,$A26,Input_Konektivitas!$B$3:$B$563,AI$3)+SUMIFS(Input_Konektivitas!$D$3:$D$563,Input_Konektivitas!$A$3:$A$563,AI$3,Input_Konektivitas!$B$3:$B$563,$A26)) -> 9.25
A27: Kalimantan Utara | B27: =IF((COUNTIFS(Input_Konektivitas!$A$3:$A$563,$A27,Input_Konektivitas!$B$3:$B$563,B$3,Input_Konektivitas!$D$3:$D$563,">0")+COUNTIFS(Input_Konektivitas!$A$3:$A$563,B$3,Input_Konektivitas!$B$3:$B$563,$A27,Input_Konektivitas!$D$3:$D$563,">0"))=0,"",SUMIFS(Input_Konektivitas!$D$3:$D$563,Input_Konektivitas!$A$3:$A$563,$A27,Input_Konektivitas!$B$3:$B$563,B$3)+SUMIFS(Input_Konektivitas!$D$3:$D$563,Input_Konektivitas!$A$3:$A$563,B$3,Input_Konektivitas!$B$3:$B$563,$A27)) -> 21.75 | C27: =IF((COUNTIFS(Input_Konektivitas!$A$3:$A$563,$A27,Input_Konektivitas!$B$3:$B$563,C$3,Input_Konektivitas!$D$3:$D$563,">0")+COUNTIFS(Input_Konektivitas!$A$3:$A$563,C$3,Input_Konektivitas!$B$3:$B$563,$A27,Input_Konektivitas!$D$3:$D$563,">0"))=0,"",SUMIFS(Input_Konektivitas!$D$3:$D$563,Input_Konektivitas!$A$3:$A$563,$A27,Input_Konektivitas!$B$3:$B$563,C$3)+SUMIFS(Input_Konektivitas!$D$3:$D$563,Input_Konektivitas!$A$3:$A$563,C$3,Input_Konektivitas!$B$3:$B$563,$A27)) -> 7.42 | D27: =IF((COUNTIFS(Input_Konektivitas!$A$3:$A$563,$A27,Input_Konektivitas!$B$3:$B$563,D$3,Input_Konektivitas!$D$3:$D$563,">0")+COUNTIFS(Input_Konektivitas!$A$3:$A$563,D$3,Input_Konektivitas!$B$3:$B$563,$A27,Input_Konektivitas!$D$3:$D$563,">0"))=0,"",SUMIFS(Input_Konektivitas!$D$3:$D$563,Input_Konektivitas!$A$3:$A$563,$A27,Input_Konektivitas!$B$3:$B$563,D$3)+SUMIFS(Input_Konektivitas!$D$3:$D$563,Input_Konektivitas!$A$3:$A$563,D$3,Input_Konektivitas!$B$3:$B$563,$A27)) -> 5.25 | E27: =IF((COUNTIFS(Input_Konektivitas!$A$3:$A$563,$A27,Input_Konektivitas!$B$3:$B$563,E$3,Input_Konektivitas!$D$3:$D$563,">0")+COUNTIFS(Input_Konektivitas!$A$3:$A$563,E$3,Input_Konektivitas!$B$3:$B$563,$A27,Input_Konektivitas!$D$3:$D$563,">0"))=0,"",SUMIFS(Input_Konektivitas!$D$3:$D$563,Input_Konektivitas!$A$3:$A$563,$A27,Input_Konektivitas!$B$3:$B$563,E$3)+SUMIFS(Input_Konektivitas!$D$3:$D$563,Input_Konektivitas!$A$3:$A$563,E$3,Input_Konektivitas!$B$3:$B$563,$A27)) -> 6.75 | F27: =IF((COUNTIFS(Input_Konektivitas!$A$3:$A$563,$A27,Input_Konektivitas!$B$3:$B$563,F$3,Input_Konektivitas!$D$3:$D$563,">0")+COUNTIFS(Input_Konektivitas!$A$3:$A$563,F$3,Input_Konektivitas!$B$3:$B$563,$A27,Input_Konektivitas!$D$3:$D$563,">0"))=0,"",SUMIFS(Input_Konektivitas!$D$3:$D$563,Input_Konektivitas!$A$3:$A$563,$A27,Input_Konektivitas!$B$3:$B$563,F$3)+SUMIFS(Input_Konektivitas!$D$3:$D$563,Input_Konektivitas!$A$3:$A$563,F$3,Input_Konektivitas!$B$3:$B$563,$A27)) -> 5.42 | G27: =IF((COUNTIFS(Input_Konektivitas!$A$3:$A$563,$A27,Input_Konektivitas!$B$3:$B$563,G$3,Input_Konektivitas!$D$3:$D$563,">0")+COUNTIFS(Input_Konektivitas!$A$3:$A$563,G$3,Input_Konektivitas!$B$3:$B$563,$A27,Input_Konektivitas!$D$3:$D$563,">0"))=0,"",SUMIFS(Input_Konektivitas!$D$3:$D$563,Input_Konektivitas!$A$3:$A$563,$A27,Input_Konektivitas!$B$3:$B$563,G$3)+SUMIFS(Input_Konektivitas!$D$3:$D$563,Input_Konektivitas!$A$3:$A$563,G$3,Input_Konektivitas!$B$3:$B$563,$A27)) -> 5.42 | H27: =IF((COUNTIFS(Input_Konektivitas!$A$3:$A$563,$A27,Input_Konektivitas!$B$3:$B$563,H$3,Input_Konektivitas!$D$3:$D$563,">0")+COUNTIFS(Input_Konektivitas!$A$3:$A$563,H$3,Input_Konektivitas!$B$3:$B$563,$A27,Input_Konektivitas!$D$3:$D$563,">0"))=0,"",SUMIFS(Input_Konektivitas!$D$3:$D$563,Input_Konektivitas!$A$3:$A$563,$A27,Input_Konektivitas!$B$3:$B$563,H$3)+SUMIFS(Input_Konektivitas!$D$3:$D$563,Input_Konektivitas!$A$3:$A$563,H$3,Input_Konektivitas!$B$3:$B$563,$A27)) -> 6.92 | I27: =IF((COUNTIFS(Input_Konektivitas!$A$3:$A$563,$A27,Input_Konektivitas!$B$3:$B$563,I$3,Input_Konektivitas!$D$3:$D$563,">0")+COUNTIFS(Input_Konektivitas!$A$3:$A$563,I$3,Input_Konektivitas!$B$3:$B$563,$A27,Input_Konektivitas!$D$3:$D$563,">0"))=0,"",SUMIFS(Input_Konektivitas!$D$3:$D$563,Input_Konektivitas!$A$3:$A$563,$A27,Input_Konektivitas!$B$3:$B$563,I$3)+SUMIFS(Input_Konektivitas!$D$3:$D$563,Input_Konektivitas!$A$3:$A$563,I$3,Input_Konektivitas!$B$3:$B$563,$A27)) -> 4.83 | ... X27: =IF((COUNTIFS(Input_Konektivitas!$A$3:$A$563,$A27,Input_Konektivitas!$B$3:$B$563,X$3,Input_Konektivitas!$D$3:$D$563,">0")+COUNTIFS(Input_Konektivitas!$A$3:$A$563,X$3,Input_Konektivitas!$B$3:$B$563,$A27,Input_Konektivitas!$D$3:$D$563,">0"))=0,"",SUMIFS(Input_Konektivitas!$D$3:$D$563,Input_Konektivitas!$A$3:$A$563,$A27,Input_Konektivitas!$B$3:$B$563,X$3)+SUMIFS(Input_Konektivitas!$D$3:$D$563,Input_Konektivitas!$A$3:$A$563,X$3,Input_Konektivitas!$B$3:$B$563,$A27)) -> 1.166 | Y27: 0 | Z27: =IF((COUNTIFS(Input_Konektivitas!$A$3:$A$563,$A27,Input_Konektivitas!$B$3:$B$563,Z$3,Input_Konektivitas!$D$3:$D$563,">0")+COUNTIFS(Input_Konektivitas!$A$3:$A$563,Z$3,Input_Konektivitas!$B$3:$B$563,$A27,Input_Konektivitas!$D$3:$D$563,">0"))=0,"",SUMIFS(Input_Konektivitas!$D$3:$D$563,Input_Konektivitas!$A$3:$A$563,$A27,Input_Konektivitas!$B$3:$B$563,Z$3)+SUMIFS(Input_Konektivitas!$D$3:$D$563,Input_Konektivitas!$A$3:$A$563,Z$3,Input_Konektivitas!$B$3:$B$563,$A27)) -> 6.75 | AA27: =IF((COUNTIFS(Input_Konektivitas!$A$3:$A$563,$A27,Input_Konektivitas!$B$3:$B$563,AA$3,Input_Konektivitas!$D$3:$D$563,">0")+COUNTIFS(Input_Konektivitas!$A$3:$A$563,AA$3,Input_Konektivitas!$B$3:$B$563,$A27,Input_Konektivitas!$D$3:$D$563,">0"))=0,"",SUMIFS(Input_Konektivitas!$D$3:$D$563,Input_Konektivitas!$A$3:$A$563,$A27,Input_Konektivitas!$B$3:$B$563,AA$3)+SUMIFS(Input_Konektivitas!$D$3:$D$563,Input_Konektivitas!$A$3:$A$563,AA$3,Input_Konektivitas!$B$3:$B$563,$A27)) -> 16.916 | AB27: =IF((COUNTIFS(Input_Konektivitas!$A$3:$A$563,$A27,Input_Konektivitas!$B$3:$B$563,AB$3,Input_Konektivitas!$D$3:$D$563,">0")+COUNTIFS(Input_Konektivitas!$A$3:$A$563,AB$3,Input_Konektivitas!$B$3:$B$563,$A27,Input_Konektivitas!$D$3:$D$563,">0"))=0,"",SUMIFS(Input_Konektivitas!$D$3:$D$563,Input_Konektivitas!$A$3:$A$563,$A27,Input_Konektivitas!$B$3:$B$563,AB$3)+SUMIFS(Input_Konektivitas!$D$3:$D$563,Input_Konektivitas!$A$3:$A$563,AB$3,Input_Konektivitas!$B$3:$B$563,$A27)) -> 3.333 | AC27: =IF((COUNTIFS(Input_Konektivitas!$A$3:$A$563,$A27,Input_Konektivitas!$B$3:$B$563,AC$3,Input_Konektivitas!$D$3:$D$563,">0")+COUNTIFS(Input_Konektivitas!$A$3:$A$563,AC$3,Input_Konektivitas!$B$3:$B$563,$A27,Input_Konektivitas!$D$3:$D$563,">0"))=0,"",SUMIFS(Input_Konektivitas!$D$3:$D$563,Input_Konektivitas!$A$3:$A$563,$A27,Input_Konektivitas!$B$3:$B$563,AC$3)+SUMIFS(Input_Konektivitas!$D$3:$D$563,Input_Konektivitas!$A$3:$A$563,AC$3,Input_Konektivitas!$B$3:$B$563,$A27)) -> 9.916 | AD27: =IF((COUNTIFS(Input_Konektivitas!$A$3:$A$563,$A27,Input_Konektivitas!$B$3:$B$563,AD$3,Input_Konektivitas!$D$3:$D$563,">0")+COUNTIFS(Input_Konektivitas!$A$3:$A$563,AD$3,Input_Konektivitas!$B$3:$B$563,$A27,Input_Konektivitas!$D$3:$D$563,">0"))=0,"",SUMIFS(Input_Konektivitas!$D$3:$D$563,Input_Konektivitas!$A$3:$A$563,$A27,Input_Konektivitas!$B$3:$B$563,AD$3)+SUMIFS(Input_Konektivitas!$D$3:$D$563,Input_Konektivitas!$A$3:$A$563,AD$3,Input_Konektivitas!$B$3:$B$563,$A27)) | AE27: =IF((COUNTIFS(Input_Konektivitas!$A$3:$A$563,$A27,Input_Konektivitas!$B$3:$B$563,AE$3,Input_Konektivitas!$D$3:$D$563,">0")+COUNTIFS(Input_Konektivitas!$A$3:$A$563,AE$3,Input_Konektivitas!$B$3:$B$563,$A27,Input_Konektivitas!$D$3:$D$563,">0"))=0,"",SUMIFS(Input_Konektivitas!$D$3:$D$563,Input_Konektivitas!$A$3:$A$563,$A27,Input_Konektivitas!$B$3:$B$563,AE$3)+SUMIFS(Input_Konektivitas!$D$3:$D$563,Input_Konektivitas!$A$3:$A$563,AE$3,Input_Konektivitas!$B$3:$B$563,$A27)) -> 9.833 | AF27: =IF((COUNTIFS(Input_Konektivitas!$A$3:$A$563,$A27,Input_Konektivitas!$B$3:$B$563,AF$3,Input_Konektivitas!$D$3:$D$563,">0")+COUNTIFS(Input_Konektivitas!$A$3:$A$563,AF$3,Input_Konektivitas!$B$3:$B$563,$A27,Input_Konektivitas!$D$3:$D$563,">0"))=0,"",SUMIFS(Input_Konektivitas!$D$3:$D$563,Input_Konektivitas!$A$3:$A$563,$A27,Input_Konektivitas!$B$3:$B$563,AF$3)+SUMIFS(Input_Konektivitas!$D$3:$D$563,Input_Konektivitas!$A$3:$A$563,AF$3,Input_Konektivitas!$B$3:$B$563,$A27)) -> 15.5833 | AG27: =IF((COUNTIFS(Input_Konektivitas!$A$3:$A$563,$A27,Input_Konektivitas!$B$3:$B$563,AG$3,Input_Konektivitas!$D$3:$D$563,">0")+COUNTIFS(Input_Konektivitas!$A$3:$A$563,AG$3,Input_Konektivitas!$B$3:$B$563,$A27,Input_Konektivitas!$D$3:$D$563,">0"))=0,"",SUMIFS(Input_Konektivitas!$D$3:$D$563,Input_Konektivitas!$A$3:$A$563,$A27,Input_Konektivitas!$B$3:$B$563,AG$3)+SUMIFS(Input_Konektivitas!$D$3:$D$563,Input_Konektivitas!$A$3:$A$563,AG$3,Input_Konektivitas!$B$3:$B$563,$A27)) -> 11.833 | ... AI27: =IF((COUNTIFS(Input_Konektivitas!$A$3:$A$563,$A27,Input_Konektivitas!$B$3:$B$563,AI$3,Input_Konektivitas!$D$3:$D$563,">0")+COUNTIFS(Input_Konektivitas!$A$3:$A$563,AI$3,Input_Konektivitas!$B$3:$B$563,$A27,Input_Konektivitas!$D$3:$D$563,">0"))=0,"",SUMIFS(Input_Konektivitas!$D$3:$D$563,Input_Konektivitas!$A$3:$A$563,$A27,Input_Konektivitas!$B$3:$B$563,AI$3)+SUMIFS(Input_Konektivitas!$D$3:$D$563,Input_Konektivitas!$A$3:$A$563,AI$3,Input_Konektivitas!$B$3:$B$563,$A27)) -> 17.5
